,source,title,date
0,http://big-boobs.blogterest.net/page/27042/,24時間射精管理 松本いちか,
1,http://big-boobs.blogterest.net/page/27641/,溺愛ママ 風間ゆみ,
2,http://big-boobs.blogterest.net/page/26987/,恥じらいのお漏らし 瑠川リナ,
3,http://big-boobs.blogterest.net/page/27682/,オレのカミさんとヤラないか？9 結城みさ,
4,http://big-boobs.blogterest.net/page/27395/,酔いつぶれた友人…その妻と 仁科百華,
5,http://big-boobs.blogterest.net/page/27660/,働き盛りの吉沢明歩,
6,http://big-boobs.blogterest.net/page/27672/,兄弟の嫁 帰郷スワッピング 〜義父の前で行われる大胆な嫁交換〜 結城みさ 山本美和子,
7,http://big-boobs.blogterest.net/page/27674/,カラダを売りにするS級素人 みさ,
8,http://big-boobs.blogterest.net/page/27649/,中出しされるモデル級素人の週末アルバイト 05,
9,http://big-boobs.blogterest.net/page/28125/,むっちり汗かきノーブラ誘惑 佐山愛,
10,http://big-boobs.blogterest.net/page/28106/,淫乱痴女ナース×吉沢明歩,
11,http://big-boobs.blogterest.net/page/28122/,超舌ベロリアン 深田梨菜 七瀬ゆうり,
12,http://big-boobs.blogterest.net/page/28119/,,
13,http://big-boobs.blogterest.net/page/28116/,寝ている女性にイタズラしていたら逆に生ハメを求められて、もう発射しそうなのにカニばさみでロックされて逃げられない！ 2,
14,http://big-boobs.blogterest.net/page/28114/,Hitomiのパイズリを我慢できたら生中出しファン感謝オフ会,
15,http://big-boobs.blogterest.net/page/28111/,,
16,http://big-boobs.blogterest.net/page/28102/,吉沢明歩は20代後半のハンパないほど経験豊富な女子校生。,
17,http://big-boobs.blogterest.net/page/28124/,スーパーボディ×ピタコス SPECIAL 佐山愛,
18,http://big-boobs.blogterest.net/page/28104/,吉沢明歩は20代後半のハンパないほど経験豊富な女子校生。,
19,http://big-boobs.blogterest.net/page/28121/,Hitomiのパイズリを我慢できたら生中出しファン感謝オフ会,
20,http://big-boobs.blogterest.net/page/28118/,ザーメンごっくん口姦監獄 02,
21,http://big-boobs.blogterest.net/page/28115/,,
22,http://big-boobs.blogterest.net/page/28113/,凌辱いいなり受付嬢 二宮沙樹,
23,http://big-boobs.blogterest.net/page/27687/,淫女、乱交、ハードコア。 星野あかり 芹沢直美,
24,http://big-boobs.blogterest.net/page/27485/,美熟女ドキュメント 風間ゆみのすべて,
25,http://big-boobs.blogterest.net/page/28100/,美人OL痴漢レイプ 吉沢明歩,
26,http://big-boobs.blogterest.net/page/27764/,,
27,http://big-boobs.blogterest.net/page/27677/,近親相姦 エロ尻母 結城みさ,
28,http://big-boobs.blogterest.net/page/27767/,むっちり汗かきノーブラ誘惑 佐山愛,
29,http://big-boobs.blogterest.net/page/27768/,むっちり汗かきノーブラ誘惑 佐山愛,
30,http://big-boobs.blogterest.net/page/28032/,（裏）手コキクリニック 〜特別版〜 2穴性交クリニック 2,
31,http://big-boobs.blogterest.net/page/27769/,むっちり汗かきノーブラ誘惑 佐山愛,
32,http://big-boobs.blogterest.net/page/27770/,,
33,http://big-boobs.blogterest.net/page/28110/,,
34,http://big-boobs.blogterest.net/page/27662/,狂い咲く 痴悪女 吉沢明歩,
35,http://big-boobs.blogterest.net/page/27676/,ディープレズビアン 〜うぶ貝調教 2〜,
36,http://big-boobs.blogterest.net/page/27762/,,
37,http://big-boobs.blogterest.net/page/27772/,,
38,http://big-boobs.blogterest.net/page/27771/,First Impression 舞咲みくに,
39,http://big-boobs.blogterest.net/page/28096/,淫語を囁きながら下品なキスと乳首責めで僕を犯し続ける淫乱レディ 神宮寺ナオ,
40,http://big-boobs.blogterest.net/page/28095/,保健室の先生-学校に潜む白衣のド淫乱養護教論- 蓮実クレア,
41,http://big-boobs.blogterest.net/page/28092/,女教師JULIA,
42,http://big-boobs.blogterest.net/page/28089/,巨乳触診カルテ JULIA,
43,http://big-boobs.blogterest.net/page/28087/,Celebitch 風間ゆみ ビッチなセレブの欲望むき出し痴女セックス,
44,http://big-boobs.blogterest.net/page/28085/,中出しされる爆乳人妻 きょうこ,
45,http://big-boobs.blogterest.net/page/28081/,スーパーボディ×ピタコス SPECIAL 佐山愛,
46,http://big-boobs.blogterest.net/page/28079/,危険日狙って！？孕ませ学園,
47,http://big-boobs.blogterest.net/page/28108/,吉沢明歩×美脚パンストQUEEN,
48,http://big-boobs.blogterest.net/page/28093/,動画サイトで人気の谷間アイドルAVデビュー！！ エッチすぎてごめんね… 安達亜美,
49,http://big-boobs.blogterest.net/page/28090/,超絶品ボディ JULIA,
50,http://big-boobs.blogterest.net/page/28088/,社長秘書はインテリ痴女 風間ゆみ,
51,http://big-boobs.blogterest.net/page/28086/,,
52,http://big-boobs.blogterest.net/page/28082/,爆乳インストラクター むっちり誘惑レッスン 佐山愛,
53,http://big-boobs.blogterest.net/page/28080/,スーパーボディ×ピタコス SPECIAL 佐山愛,
54,http://big-boobs.blogterest.net/page/27766/,媚薬痴漢 3,
55,http://big-boobs.blogterest.net/page/28077/,超舌ベロリアン 深田梨菜 七瀬ゆうり,
56,http://big-boobs.blogterest.net/page/28043/,若妻牝レイプ 食べ頃な獲物たち… 川上ゆう 風間ゆみ,
57,http://big-boobs.blogterest.net/page/28041/,女教師 中出し20連発 風間ゆみ,
58,http://big-boobs.blogterest.net/page/27652/,媚薬は「ママにバレるとヤバいから…」という理由で僕んち宛に通販で買っては送りつけアヘ顔で試して発情する同級生の女子,
59,http://big-boobs.blogterest.net/page/27654/,淫虐調教される白衣の天使 新人ナース強制潮吹き中出しファック 宇佐美なな,
60,http://big-boobs.blogterest.net/page/27811/,,
61,http://big-boobs.blogterest.net/page/27643/,愛着 Love Dress 風間ゆみ,
62,http://big-boobs.blogterest.net/page/27760/,,
63,http://big-boobs.blogterest.net/page/28084/,人妻中出しパンティーストッキングBEST,
64,http://big-boobs.blogterest.net/page/27757/,JULIA 露出×羞恥,
65,http://big-boobs.blogterest.net/page/27756/,スーパーボディ×ピタコス SPECIAL JULIA,
66,http://big-boobs.blogterest.net/page/27755/,接吻しまくりベロベロSEX 西野翔,
67,http://big-boobs.blogterest.net/page/27753/,少年看守レディのお仕事,
68,http://big-boobs.blogterest.net/page/27646/,水元ゆうな BEST 4時間 3,
69,http://big-boobs.blogterest.net/page/28072/,極上FUCK限界BODY 二宮沙樹,
70,http://big-boobs.blogterest.net/page/28069/,愛玩ご奉仕メイド2 二宮沙樹,
71,http://big-boobs.blogterest.net/page/28065/,青姦凌辱物語。〜媚薬の実験台にされ牝調教されるわたし〜 篠田ゆうEカップ優等生,
72,http://big-boobs.blogterest.net/page/28061/,あっきーと最っ高のデートをしよう！ 吉沢明歩,
73,http://big-boobs.blogterest.net/page/28057/,X’mas Acky！ 吉沢明歩,
74,http://big-boobs.blogterest.net/page/28053/,快感でおかしくなるまで続く痙攣性交と絶頂潮 佐山愛,
75,http://big-boobs.blogterest.net/page/28042/,若妻牝レイプ 食べ頃な獲物たち… 川上ゆう 風間ゆみ,
76,http://big-boobs.blogterest.net/page/28038/,スーパーボディ×ピタコス SPECIAL 佐山愛,
77,http://big-boobs.blogterest.net/page/28070/,,
78,http://big-boobs.blogterest.net/page/28067/,ハメ狂い昇天 尻穴ファック 篠田ゆう,
79,http://big-boobs.blogterest.net/page/28063/,吉沢明歩は20代後半のハンパないほど経験豊富な女子校生。,
80,http://big-boobs.blogterest.net/page/28059/,あっきーと最っ高のデートをしよう！ 吉沢明歩,
81,http://big-boobs.blogterest.net/page/28055/,WORLDWIDE Acky！ 吉沢明歩,
82,http://big-boobs.blogterest.net/page/28051/,HYPER FETISH ハイレグいやらしクィーン 蓮実クレア,
83,http://big-boobs.blogterest.net/page/28040/,秘書in… ［脅迫スイートルーム］ Secretary Yumi（27）,
84,http://big-boobs.blogterest.net/page/28037/,爆乳インストラクター むっちり誘惑レッスン 佐山愛,
85,http://big-boobs.blogterest.net/page/28021/,クレイジーロープ 黒マラと縄女 篠田ゆう,
86,http://big-boobs.blogterest.net/page/27638/,温浴マッサージサロン《風間亭》 風間ゆみ,
87,http://big-boobs.blogterest.net/page/27636/,背徳愉悦 近親相姦 風間ゆみ,
88,http://big-boobs.blogterest.net/page/27626/,奴隷色の女教師6,
89,http://big-boobs.blogterest.net/page/27634/,新・戦争悲話2 嬲られた美肉妻 風間ゆみ,
90,http://big-boobs.blogterest.net/page/27736/,欲求不満な若妻の大胆パンティ見せつけ挑発4 若妻4名,
91,http://big-boobs.blogterest.net/page/27631/,隣のダイエット中の熟女 風間ゆみ,
92,http://big-boobs.blogterest.net/page/27629/,み〜んな一緒に筆おろしましょ 風間ゆみ,
93,http://big-boobs.blogterest.net/page/27752/,女子校生「介護福祉」のお仕事体験,
94,http://big-boobs.blogterest.net/page/27751/,FETISH BODY JULIA,
95,http://big-boobs.blogterest.net/page/27750/,エスワンTV THE芸能界ヤリすぎ生放送！,
96,http://big-boobs.blogterest.net/page/27749/,ドM自縛痴女 吉沢明歩,
97,http://big-boobs.blogterest.net/page/27748/,,
98,http://big-boobs.blogterest.net/page/27748/,,
99,http://big-boobs.blogterest.net/page/26988/,,
100,http://big-boobs.blogterest.net/page/28036/,爆乳インストラクター むっちり誘惑レッスン 佐山愛,
101,http://big-boobs.blogterest.net/page/28035/,スーパーボディ×ピタコス SPECIAL 佐山愛,
102,http://big-boobs.blogterest.net/page/28049/,眼鏡×競泳水着×くびれボイン 蓮実クレア,
103,http://big-boobs.blogterest.net/page/28034/,COSTUME！！ 褐色のハーフエルフ 北川瞳,
104,http://big-boobs.blogterest.net/page/28031/,冷酷男爵 素人奥さまリナ生中出し,
105,http://big-boobs.blogterest.net/page/28030/,毎日この時間に目が合う綺麗なお姉さん!ちょっと尾行したら驚きの秘密を握ったので、再び会った時に声をかけて弱みに付け込んだら…!!!,
106,http://big-boobs.blogterest.net/page/28047/,自宅に押しかけたら逆にやられてしまった！！ JULIA,
107,http://big-boobs.blogterest.net/page/28028/,Hitomiの宅配ソープ Hitomi,
108,http://big-boobs.blogterest.net/page/28026/,感汁女 解放された性欲 初音みのり,
109,http://big-boobs.blogterest.net/page/28025/,二宮沙樹を地獄に落とす！,
110,http://big-boobs.blogterest.net/page/28023/,S級現役体育大生中出し ゆう,
111,http://big-boobs.blogterest.net/page/28019/,女を駄目にするこの快楽…まさに中毒！！インド最古の性の経典「古代性愛文献」に禁薬と記載されている拷問用「動物専用媚薬」を「飲む・吸引する・塗りこむ」と果たして女はどうなってしまうのか…徹底検証！ 篠田ゆう,
112,http://big-boobs.blogterest.net/page/28017/,WORLDWIDE Acky！ 吉沢明歩,
113,http://big-boobs.blogterest.net/page/28015/,WORLDWIDE Acky！ 吉沢明歩,
114,http://big-boobs.blogterest.net/page/28014/,ボク×カノ×RQ 蓮実クレア,
115,http://big-boobs.blogterest.net/page/28046/,,
116,http://big-boobs.blogterest.net/page/28013/,眼鏡×競泳水着×くびれボイン 蓮実クレア,
117,http://big-boobs.blogterest.net/page/28011/,大沢佑香のマンコとアナルを風間ゆみがイカセまくり、大量浣腸＆大量潮吹き同時噴出絶頂アクメ,
118,http://big-boobs.blogterest.net/page/28010/,,
119,http://big-boobs.blogterest.net/page/28008/,禁断介護 前田優希,
120,http://big-boobs.blogterest.net/page/27615/,露恥裏悩殺セレブW ノーパンノーブラ野外赤面ブルマ露出他人の玄関先オナニー濃厚レズ山中拘束強烈潮吹きSEX！！ 風間ゆみ 山本美和子,
121,http://big-boobs.blogterest.net/page/27619/,黒タイツが似合う美脚H秘書 風間ゆみ,
122,http://big-boobs.blogterest.net/page/27606/,体育会系ガチムチ女子逆レイプ部,
123,http://big-boobs.blogterest.net/page/27846/,いもうとケータリングサービス 〜妹レンタルいちゃラブデリバリー〜 松本いちか,
124,http://big-boobs.blogterest.net/page/27622/,母親の再婚 僕の親友と結婚した母 風間ゆみ,
125,http://big-boobs.blogterest.net/page/27624/,性感家庭教師 中出し20連発 風間ゆみ,
126,http://big-boobs.blogterest.net/page/27613/,風間ゆみのイキッパ！,
127,http://big-boobs.blogterest.net/page/27603/,「間違えたフリして女子校通学バスに乗り込んで生でヤられた」 VOL.1,
128,http://big-boobs.blogterest.net/page/26989/,,
129,http://big-boobs.blogterest.net/page/27983/,沙樹のおねだり若奥様 二宮沙樹,
130,http://big-boobs.blogterest.net/page/26983/,,
131,http://big-boobs.blogterest.net/page/27981/,,
132,http://big-boobs.blogterest.net/page/28001/,オイルマッサージに狂ったむっちり豊満ボディ人妻 佐山愛,
133,http://big-boobs.blogterest.net/page/28000/,オイルマッサージに狂ったむっちり豊満ボディ人妻 佐山愛,
134,http://big-boobs.blogterest.net/page/27999/,Wパイパンおま●こ つぼみ 北川瞳,
135,http://big-boobs.blogterest.net/page/27998/,軽ごっくん部！ 北川瞳,
136,http://big-boobs.blogterest.net/page/27997/,毎日この時間に目が合う綺麗なお姉さん!ちょっと尾行したら驚きの秘密を握ったので、再び会った時に声をかけて弱みに付け込んだら…!!!,
137,http://big-boobs.blogterest.net/page/27995/,（裏）手コキクリニック 〜特別版〜 2穴性交クリニック 2,
138,http://big-boobs.blogterest.net/page/27993/,ATHLETE 全裸ソフトボール 深田梨菜,
139,http://big-boobs.blogterest.net/page/27992/,超爆乳パイズリ密着エステサロン 挟射中出しフルコース Hitomi,
140,http://big-boobs.blogterest.net/page/27991/,爆乳にゅるにゅるBODY Hitomi,
141,http://big-boobs.blogterest.net/page/27989/,親友からこっそり彼氏を寝取る巨乳でエッチな痴女お姉さん Hitomi,
142,http://big-boobs.blogterest.net/page/27988/,カテキョ 爆乳家庭教師の猥褻レッスン 初音みのり,
143,http://big-boobs.blogterest.net/page/27987/,射精するまで許してくれない インテリ系欲求不満痴女のわいせつW逆痴漢 初音みのり 有村千佳,
144,http://big-boobs.blogterest.net/page/27986/,ハイパーギリギリモザイク ゆまとみのり 麻美ゆま×初音みのり,
145,http://big-boobs.blogterest.net/page/27985/,僕とみのりとここみの甘過ぎるボイン同棲 初音みのり 桜ここみ,
146,http://big-boobs.blogterest.net/page/27729/,仁科百華のソープしちゃうぞ,
147,http://big-boobs.blogterest.net/page/27728/,爆乳百華ちゃんの癒し淫語と楽し淫語。 仁科百華,
148,http://big-boobs.blogterest.net/page/27727/,JKチアガール 10,
149,http://big-boobs.blogterest.net/page/27355/,息子と手をつないで義弟と不倫中出しFUCK,
150,http://big-boobs.blogterest.net/page/27723/,女教師・堕ちるまで… 水元ゆうな,
151,http://big-boobs.blogterest.net/page/27248/,ぷり尻コス 二階堂夢,
152,http://big-boobs.blogterest.net/page/27730/,kira☆kira SPECIAL HEAT ISLAND 〜極上巨乳BODY壮絶大乱交〜,
153,http://big-boobs.blogterest.net/page/27733/,爆乳キス魔少女 仁科百華,
154,http://big-boobs.blogterest.net/page/27742/,名門お嬢様学校 制服狩り失神痴漢,
155,http://big-boobs.blogterest.net/page/27743/,「なんで使い方がわかったの？」私の隠していた電マ（妻に使用）が娘に見つかった！娘はHな使い方を知らず、ただのマッサージ器と思っているのでひと安心していたらお泊まり会で友だちと偶然Hな使い方を発見。未知なる快感で電マでオナニーが病みつきに。,
156,http://big-boobs.blogterest.net/page/27746/,,
157,http://big-boobs.blogterest.net/page/27745/,ドリームイラマチオ 西野翔,
158,http://big-boobs.blogterest.net/page/27744/,エロ尻騎乗位で責めてあげる 宇佐美なな,
159,http://big-boobs.blogterest.net/page/27741/,いもうとLOVEプラス 39 宇佐美なな,
160,http://big-boobs.blogterest.net/page/27731/,魅惑のストッキング 黒いナイロンの湿った匂い。,
161,http://big-boobs.blogterest.net/page/27734/,いたくしないでね 1,
162,http://big-boobs.blogterest.net/page/27980/,僕と叔母さん…我慢なんてできない 有村千佳,
163,http://big-boobs.blogterest.net/page/27978/,ど根性 Acky！ 吉沢明歩,
164,http://big-boobs.blogterest.net/page/27976/,吉沢明歩×競泳水着=7PLAY,
165,http://big-boobs.blogterest.net/page/27974/,吉沢明歩がどんな時でもアナタの力になるビデオ。,
166,http://big-boobs.blogterest.net/page/27972/,セレビッチ！〜誘惑の完全着衣〜 蓮実クレア,
167,http://big-boobs.blogterest.net/page/27970/,ドSの蓮実クレアをドMのセックス・モンスターあず希が犯す。,
168,http://big-boobs.blogterest.net/page/27724/,SEX革命 vol.13 水元ゆうな,
169,http://big-boobs.blogterest.net/page/27721/,デジタルコカン 巨乳淫語先生 風間ゆみ,
170,http://big-boobs.blogterest.net/page/27588/,「欲求不満の美淫女が満員の男子校バスで大きな胸がつぶれるほど密着したら火がつくまで何分？！」 VOL.3,
171,http://big-boobs.blogterest.net/page/27585/,,
172,http://big-boobs.blogterest.net/page/27591/,恥ずかしいカラダ ショートカット新人 湊莉久,
173,http://big-boobs.blogterest.net/page/27583/,女ハ男ヲ目デ犯ス。 浅倉彩音 結城みさ,
174,http://big-boobs.blogterest.net/page/27593/,僕の知らない妻を見たくて… 01,
175,http://big-boobs.blogterest.net/page/27598/,公然ワイセツ淫乱SEX 青木玲,
176,http://big-boobs.blogterest.net/page/27562/,変態マゾヒスト ボンテージ嬢 イラマチオ調教 吉沢明歩,
177,http://big-boobs.blogterest.net/page/27569/,ヌル撮 オイルマッサージ 心理カウンセラーのセラピー猥褻マッサージ,
178,http://big-boobs.blogterest.net/page/27579/,明歩が強制的に連続射精させてアゲル。 吉沢明歩,
179,http://big-boobs.blogterest.net/page/27251/,Madonna10周年記念作品 マドンナ熟女祭 〜10年に1度の大祭を仕切るのは誰！？愛液乱れ飛ぶ婦人会対抗の乱〜,
180,http://big-boobs.blogterest.net/page/27551/,新陵辱女教師 犯されてもP○A会長の極太に感じる大人の女穴 黒木いちか,
181,http://big-boobs.blogterest.net/page/27877/,ぷり尻コス 二階堂夢,
182,http://big-boobs.blogterest.net/page/27196/,ドキッ！いつも見慣れているはずの巨乳妻の乳首がチラッと見えて旦那発情！,
183,http://big-boobs.blogterest.net/page/27716/,,
184,http://big-boobs.blogterest.net/page/27713/,,
185,http://big-boobs.blogterest.net/page/27725/,近親相姦 寝取られ物語 見知らぬ男と我が息子、恍惚の連続寝取られ姦！！ 水元ゆうな,
186,http://big-boobs.blogterest.net/page/27163/,つかさ先生のぶっかけ教室 葵つかさ,
187,http://big-boobs.blogterest.net/page/27454/,SEXのハードルが異常に低い世界 4,
188,http://big-boobs.blogterest.net/page/27189/,高級ソープに堕ちた人妻 小早川怜子,
189,http://big-boobs.blogterest.net/page/27522/,女社長、堕ちるまで… 西野翔,
190,http://big-boobs.blogterest.net/page/27717/,「熟女の口はもっと嘘をつく。」 熟雌女anthology ＃018 風間ゆみ,
191,http://big-boobs.blogterest.net/page/27715/,憧れの先輩とレズれ！〜初めてのレズは大好きな亜衣ちゃんと〜 初レズW解禁！！,
192,http://big-boobs.blogterest.net/page/27577/,吉沢明歩はかなり経験豊富な20代半ばの女子校生。,
193,http://big-boobs.blogterest.net/page/27549/,メゾン・ド・きらら 尻狂い 黒川きらら,
194,http://big-boobs.blogterest.net/page/27572/,ノーパン中出し中イキFUCK 秋山祥子,
195,http://big-boobs.blogterest.net/page/27192/,女教師奴隷市場 西野翔 かすみりさ,
196,http://big-boobs.blogterest.net/page/27719/,熟シャッ！！ 熟女を溺愛するカタチ 風間ゆみ,
197,http://big-boobs.blogterest.net/page/27169/,かほちゃんの恋人 小さくなっちゃった僕と大きい彼女 かすみ果穂,
198,http://big-boobs.blogterest.net/page/27565/,吉沢明歩はかなり経験豊富な20代半ばの女子校生。,
199,http://big-boobs.blogterest.net/page/27555/,特命OL マゾボイン 黒川きらら,
200,http://big-boobs.blogterest.net/page/27542/,【特典収録】湊莉久 4本番 ＋1本番で計5本番楽しめる特別版！,
201,http://big-boobs.blogterest.net/page/27544/,,
202,http://big-boobs.blogterest.net/page/27553/,ヒップ大好きしょう太くんのHなイタズラ 黒木いちか,
203,http://big-boobs.blogterest.net/page/27665/,手を使わないフェラチオ 6,
204,http://big-boobs.blogterest.net/page/27575/,シェアハウス内での禁断の押し付けSEX 吉沢明歩,
205,http://big-boobs.blogterest.net/page/27600/,マジックミラー号 超ゴージャス！濃密美熟女逆ナンパ 池袋編,
206,http://big-boobs.blogterest.net/page/27033/,絶頂（（（膝ガクガク）））痴漢 ローターとチ○ポの同時挿入で膣奥Gスポットを直撃され理性を失う女たち,
207,http://big-boobs.blogterest.net/page/27252/,Madonna10周年記念作品 マドンナ熟女祭 〜10年に1度の大祭を仕切るのは誰！？愛液乱れ飛ぶ婦人会対抗の乱〜,
208,http://big-boobs.blogterest.net/page/27560/,この汗だくSEXがスゴい！,
209,http://big-boobs.blogterest.net/page/27276/,中出しソープ 麗しの熟女湯屋 巨乳巨尻W艶肉バーガー 村上涼子 中森玲子,
210,http://big-boobs.blogterest.net/page/27443/,地味子は隠れ巨乳 1 ももか,
211,http://big-boobs.blogterest.net/page/27039/,【4K】コスプレ×クルルギアオイ 4 枢木あおい,
212,http://big-boobs.blogterest.net/page/27707/,エロい表情で悶え狂う人妻,
213,http://big-boobs.blogterest.net/page/27460/,湯けむり近親相姦 母子入浴交尾 総集編 2 4時間,
214,http://big-boobs.blogterest.net/page/27700/,夫に売られた奴隷人妻 青木玲,
215,http://big-boobs.blogterest.net/page/27698/,監禁飼育〜快楽の為だけに自宅でペットを飼う人妻〜 青木玲,
216,http://big-boobs.blogterest.net/page/27627/,無言痴姦 旦那の部下に誘われて…,
217,http://big-boobs.blogterest.net/page/27693/,新妻4人と毎日子作り,
218,http://big-boobs.blogterest.net/page/27691/,キレイ過ぎる良妻、外ではオンナ。 2 星野あかり,
219,http://big-boobs.blogterest.net/page/27534/,濃厚ザーメンを子宮の奥深くに中出しされ水中クイックターンで妊娠確定！！ 湊莉久,
220,http://big-boobs.blogterest.net/page/27705/,実録都市伝説 深夜に現れる痴女を検証取材 2,
221,http://big-boobs.blogterest.net/page/27701/,ザーメン先生 村上涼子,
222,http://big-boobs.blogterest.net/page/27699/,ザーメン500連発の洗礼 青木玲,
223,http://big-boobs.blogterest.net/page/27697/,「女の口は嘘をつく。」 雌女ANTHOLOGY ＃019 青木玲,
224,http://big-boobs.blogterest.net/page/27694/,湊莉久 お貸しします。,
225,http://big-boobs.blogterest.net/page/27692/,はじめての中出し記念日 湊莉久,
226,http://big-boobs.blogterest.net/page/27689/,ザーメンドッグカフェ 星野あかり,
227,http://big-boobs.blogterest.net/page/27197/,Batsuichi 蒸す女,
228,http://big-boobs.blogterest.net/page/27164/,,
229,http://big-boobs.blogterest.net/page/27540/,私痴漢バスに乗ります。 夫には言えないふしだらな欲望痴漢強姦魔に無言で生中出しされる人妻 湊莉久,
230,http://big-boobs.blogterest.net/page/27059/,家族にバレずにこっそり…こそこそエッチ,
231,http://big-boobs.blogterest.net/page/27170/,七瀬恋 凌辱ご奉仕ナース かすみ果穂,
232,http://big-boobs.blogterest.net/page/27324/,冬月かえでの濃厚な接吻とSEX,
233,http://big-boobs.blogterest.net/page/27530/,淫乱感染病棟 第二章 吉沢明歩,
234,http://big-boobs.blogterest.net/page/27538/,JKチアガールズ 有村千佳×湊莉久×初美沙希,
235,http://big-boobs.blogterest.net/page/27353/,叔母のみだれ髪 結城みさ,
236,http://big-boobs.blogterest.net/page/27507/,女子校生本物中出し 宇佐美なな,
237,http://big-boobs.blogterest.net/page/27513/,スク水H 50 宇佐美なな,
238,http://big-boobs.blogterest.net/page/27478/,,
239,http://big-boobs.blogterest.net/page/27482/,,
240,http://big-boobs.blogterest.net/page/27490/,イキまくる絶頂女神。吉沢明歩,
241,http://big-boobs.blogterest.net/page/27875/,流出映像 ストレス発散で万引きをする女子校生にお仕置きをした秘密の映像,
242,http://big-boobs.blogterest.net/page/27686/,淫女、乱交、ハードコア。 星野あかり 芹沢直美,
243,http://big-boobs.blogterest.net/page/27683/,ママのHな母乳育児,
244,http://big-boobs.blogterest.net/page/27696/,有名コスプレイヤー月に一度の危険日中出しオフ会 りく,
245,http://big-boobs.blogterest.net/page/27500/,2nd Virgin 黒川きらら,
246,http://big-boobs.blogterest.net/page/27528/,X’mas Acky！ 吉沢明歩,
247,http://big-boobs.blogterest.net/page/27167/,,
248,http://big-boobs.blogterest.net/page/27492/,美人看護師に夜な夜な強制射精されてしまった俺,
249,http://big-boobs.blogterest.net/page/27498/,2nd Virgin 黒川きらら,
250,http://big-boobs.blogterest.net/page/27685/,仕事中の女の目の前でSEXを見せつけた後、勃起したチ○コを近づけてみると…,
251,http://big-boobs.blogterest.net/page/27681/,オレのカミさんとヤラないか？9 結城みさ,
252,http://big-boobs.blogterest.net/page/27488/,社長秘書はインテリ痴女 風間ゆみ,
253,http://big-boobs.blogterest.net/page/27584/,,
254,http://big-boobs.blogterest.net/page/27524/,吉沢明歩はおクチでイキまくる。,
255,http://big-boobs.blogterest.net/page/27480/,入院中に彼女が抜いてくれず、溜まってしまった僕は1人でこっそりオナニー。物音に気づいた美人ナースにバレて、内緒で色々してもらった！！ 2,
256,http://big-boobs.blogterest.net/page/27496/,SEXアンドロイド ボインモデル 黒川きらら,
257,http://big-boobs.blogterest.net/page/27352/,叔母のみだれ髪 結城みさ,
258,http://big-boobs.blogterest.net/page/27494/,秘書・イラマチオ 黒木いちか,
259,http://big-boobs.blogterest.net/page/27515/,狙われた水泳部員 なな ～無抵抗な少女に襲いかかる男たち～,
260,http://big-boobs.blogterest.net/page/27526/,犯された美人警備員 吉沢明歩,
261,http://big-boobs.blogterest.net/page/27503/,温泉旅館で頼んだマッサージ師が若くて美人で超タイプ！サービス中に際どい箇所もモミモミするので自然と浴衣がはだけて勃起チ●ポが露出！ダメもとで本番交渉してみました！2,
262,http://big-boobs.blogterest.net/page/27511/,宇佐美ななのナースでしようよ,
263,http://big-boobs.blogterest.net/page/27519/,規格外のデカチンに秋山祥子が中出しされるっ！！,
264,http://big-boobs.blogterest.net/page/27521/,秋山祥子 完全引退！！ ハメおさめ温泉旅行☆,
265,http://big-boobs.blogterest.net/page/27610/,熟オナニー・パラノイア 風間ゆみ,
266,http://big-boobs.blogterest.net/page/27442/,ファン感謝デー 野球拳スペシャル in マジックミラー号 仁科百華,
267,http://big-boobs.blogterest.net/page/27173/,かほちゃんの恋人 小さくなっちゃった僕と大きい彼女 かすみ果穂,
268,http://big-boobs.blogterest.net/page/27618/,黒タイツが似合う美脚H秘書 風間ゆみ,
269,http://big-boobs.blogterest.net/page/27187/,ママのリアル性教育 小早川怜子,
270,http://big-boobs.blogterest.net/page/27439/,巨乳診断書 16 仁科百華,
271,http://big-boobs.blogterest.net/page/27812/,,
272,http://big-boobs.blogterest.net/page/27680/,裏美熟痴女の本気フィーリングカップル温泉,
273,http://big-boobs.blogterest.net/page/27509/,幼妻は潮吹き女子校生 宇佐美なな,
274,http://big-boobs.blogterest.net/page/27673/,カラダを売りにするS級素人 みさ,
275,http://big-boobs.blogterest.net/page/27669/,Girlicious 02 feat.AKIHO,
276,http://big-boobs.blogterest.net/page/27667/,まだまだ、ごぶさた奥さん不倫日記 まるごと16人美人妻,
277,http://big-boobs.blogterest.net/page/27661/,狂い咲く 痴悪女 吉沢明歩,
278,http://big-boobs.blogterest.net/page/27452/,吉沢明歩×ボンテージQUEEN,
279,http://big-boobs.blogterest.net/page/27471/,息子に揉まれた母 村上涼子,
280,http://big-boobs.blogterest.net/page/27679/,イグイグ大乱交 乃亜 結城みさ 志保,
281,http://big-boobs.blogterest.net/page/27675/,ディープレズビアン 〜うぶ貝調教 2〜,
282,http://big-boobs.blogterest.net/page/27671/,兄弟の嫁 帰郷スワッピング 〜義父の前で行われる大胆な嫁交換〜 結城みさ 山本美和子,
283,http://big-boobs.blogterest.net/page/26720/,,
284,http://big-boobs.blogterest.net/page/27663/,男の言いなり、淫乱ダメ女。 吉沢明歩,
285,http://big-boobs.blogterest.net/page/27659/,働き盛りの吉沢明歩,
286,http://big-boobs.blogterest.net/page/27466/,女教師Bomb！ 4時間,
287,http://big-boobs.blogterest.net/page/27473/,猥褻モデル 黒木なほ,
288,http://big-boobs.blogterest.net/page/27450/,え〜っ！ぼ、僕の部屋に秋山祥子がやってきた！！,
289,http://big-boobs.blogterest.net/page/27458/,童貞を食べたくて仕方がない欲求不満の団地妻サークル,
290,http://big-boobs.blogterest.net/page/27468/,「熟女の口はもっと嘘をつく。」 熟雌女anthology ＃059 星野あかり,
291,http://big-boobs.blogterest.net/page/27475/,SEXのハードルが異常に低い世界 11,
292,http://big-boobs.blogterest.net/page/27456/,騙姦 06,
293,http://big-boobs.blogterest.net/page/27464/,一つ屋根の下にお年頃の姉妹と兄弟が暮らしていたら当然レズや家庭内陵辱で近親相姦,
294,http://big-boobs.blogterest.net/page/27447/,ケイオン♪ 秋山祥子,
295,http://big-boobs.blogterest.net/page/27462/,パンスト商品開発部 パンスト美脚と卑猥なパワハラ 究極の女性上位オフィス,
296,http://big-boobs.blogterest.net/page/27398/,巨乳イジメ総集編 4時間,
297,http://big-boobs.blogterest.net/page/27402/,援交 転校生 なな,
298,http://big-boobs.blogterest.net/page/27421/,美しき淫獣CLIMAX 星野あかり,
299,http://big-boobs.blogterest.net/page/27224/,人妻 奴隷契約 小早川怜子,
300,http://big-boobs.blogterest.net/page/27404/,,
301,http://big-boobs.blogterest.net/page/27773/,,
302,http://big-boobs.blogterest.net/page/27489/,イキまくる絶頂女神。吉沢明歩,
303,http://big-boobs.blogterest.net/page/27658/,,
304,http://big-boobs.blogterest.net/page/27284/,女子からはキモがられ一切無視されている僕。かたや自分の誕生日会に友達がいっぱい集まる人気者の妹。そんな妹の誕生日会にやって来る友達が可愛すぎて、思わず飲み物に『どんなウブな女の子でも自分からチ○ポを求めてしまう媚薬』を入れてしまいました。,
305,http://big-boobs.blogterest.net/page/27650/,俺の妹がこんなに淫乱なわけがない 仁科百華,
306,http://big-boobs.blogterest.net/page/27539/,私痴漢バスに乗ります。 夫には言えないふしだらな欲望痴漢強姦魔に無言で生中出しされる人妻 湊莉久,
307,http://big-boobs.blogterest.net/page/27647/,集団ポルチオ大乱交6時間,
308,http://big-boobs.blogterest.net/page/27644/,水元ゆうな 愛蔵版 本人が選ぶ最高に気持ち良かった10のSEX,
309,http://big-boobs.blogterest.net/page/27640/,溺愛ママ 風間ゆみ,
310,http://big-boobs.blogterest.net/page/27657/,調教彼氏 女尊男卑な西野翔,
311,http://big-boobs.blogterest.net/page/27656/,卑猥な女医の淫尻射精管理 西野翔,
312,http://big-boobs.blogterest.net/page/27651/,媚薬は「ママにバレるとヤバいから…」という理由で僕んち宛に通販で買っては送りつけアヘ顔で試して発情する同級生の女子,
313,http://big-boobs.blogterest.net/page/27648/,中出しされるモデル級素人の週末アルバイト 05,
314,http://big-boobs.blogterest.net/page/27737/,「おばさんを酔わせてどうするつもり？」若い男女で溢れ返る相席居酒屋で一人呑みしている熟女を狙い撃ちで口説いてお持ち帰り！寂しさと欲求不満が募った素人奥さんの乾いたカラダはよく濡れる！！VOL.14,
315,http://big-boobs.blogterest.net/page/27645/,水元ゆうな BEST 4時間 3,
316,http://big-boobs.blogterest.net/page/27642/,愛着 Love Dress 風間ゆみ,
317,http://big-boobs.blogterest.net/page/27639/,催眠 赤 DXV TSmc編,
318,http://big-boobs.blogterest.net/page/27423/,いいなり家政婦 巨乳デカ尻ドエロご奉仕 村上涼子,
319,http://big-boobs.blogterest.net/page/27407/,,
320,http://big-boobs.blogterest.net/page/27418/,たびじ 逃亡犯の女 星野あかり,
321,http://big-boobs.blogterest.net/page/27434/,中出しボイン奴隷 黒川きらら,
322,http://big-boobs.blogterest.net/page/27437/,きららとイク！バーチャル南国旅行。 黒川きらら,
323,http://big-boobs.blogterest.net/page/27410/,吉沢明歩をもっとイジめちゃう。,
324,http://big-boobs.blogterest.net/page/27428/,,
325,http://big-boobs.blogterest.net/page/27430/,,
326,http://big-boobs.blogterest.net/page/27351/,犯され養女、明歩。 吉沢明歩,
327,http://big-boobs.blogterest.net/page/27295/,長男と不仲の嫁は次男を誘惑し、それを見ていた三男に脅されて… 結城みさ,
328,http://big-boobs.blogterest.net/page/27372/,CLUB TAKARA 第1話 【戻る憩いの場】,
329,http://big-boobs.blogterest.net/page/27361/,突然2回連続でしゃぶられちゃった僕。 その7,
330,http://big-boobs.blogterest.net/page/27365/,ドM秘書 卑猥すぎる性接待,
331,http://big-boobs.blogterest.net/page/27617/,姉ちゃん！頼むから勉強のジャマするのヤメてくれ！！ 姉貴のフェラチオの練習台にされたボク 誤爆中出し編 深田えいみ,
332,http://big-boobs.blogterest.net/page/27432/,Celebitch 風間ゆみ ビッチなセレブの欲望むき出し痴女セックス,
333,http://big-boobs.blogterest.net/page/27495/,SEXアンドロイド ボインモデル 黒川きらら,
334,http://big-boobs.blogterest.net/page/27632/,E-BODY三獣奏,
335,http://big-boobs.blogterest.net/page/27630/,隣のダイエット中の熟女 風間ゆみ,
336,http://big-boobs.blogterest.net/page/27601/,競泳水着 LOVERS 風間ゆみ,
337,http://big-boobs.blogterest.net/page/27625/,奴隷色の女教師6,
338,http://big-boobs.blogterest.net/page/27554/,特命OL マゾボイン 黒川きらら,
339,http://big-boobs.blogterest.net/page/27363/,M男の僕は… ムチムチの爆乳黒ギャルに責め続けられたい,
340,http://big-boobs.blogterest.net/page/27637/,温浴マッサージサロン《風間亭》 風間ゆみ,
341,http://big-boobs.blogterest.net/page/27633/,新・戦争悲話2 嬲られた美肉妻 風間ゆみ,
342,http://big-boobs.blogterest.net/page/27573/,あなた、許して…。-夫の上司に抱かれて- 2 秋山祥子,
343,http://big-boobs.blogterest.net/page/27628/,み〜んな一緒に筆おろしましょ 風間ゆみ,
344,http://big-boobs.blogterest.net/page/27357/,妻が出産直前！ 家事手伝いに来た義理の姉さんと僕 星野あかり,
345,http://big-boobs.blogterest.net/page/27349/,働くAcky！ 吉沢明歩,
346,http://big-boobs.blogterest.net/page/27370/,巨乳ママさんバレー部合宿 5,
347,http://big-boobs.blogterest.net/page/27389/,仁科百華のドッキリ（秘）報告,
348,http://big-boobs.blogterest.net/page/27380/,黒川きららがネットで募集した童貞をやさしく筆おろし 黒川きらら,
349,http://big-boobs.blogterest.net/page/27383/,誘惑する痴女ボイン女教師 黒川きらら,
350,http://big-boobs.blogterest.net/page/27204/,泥酔した姉に性衝動を抑えきれず中出しレイプした弟の近親相姦映像,
351,http://big-boobs.blogterest.net/page/27368/,初めての黒人ファック 宇佐美なな,
352,http://big-boobs.blogterest.net/page/27391/,黒川きららの取扱説明書 黒川きらら,
353,http://big-boobs.blogterest.net/page/27393/,仁科百華のエステしちゃうぞ,
354,http://big-boobs.blogterest.net/page/26722/,マジックミラー号 胸元から覗くキレイな鎖骨！‘おとな可愛い’オフショル女子の敏感美乳をこねくり回すオイルたっぷりリンパマッサージ！火照ったカラダで超高感度なおマ○コがビン勃ちチ○ポでイキまくる！10人6本番！in池袋,
355,http://big-boobs.blogterest.net/page/27376/,女教師 中出し20連発 風間ゆみ,
356,http://big-boobs.blogterest.net/page/27401/,援交 転校生 なな,
357,http://big-boobs.blogterest.net/page/27369/,巨乳ママさんバレー部合宿 5,
358,http://big-boobs.blogterest.net/page/27309/,彼女の母 風間ゆみ,
359,http://big-boobs.blogterest.net/page/27483/,,
360,http://big-boobs.blogterest.net/page/27316/,母との恥ずかしい性行為 小早川怜子,
361,http://big-boobs.blogterest.net/page/27655/,発掘！看板娘 ピンク乳首の激カワネイリストみっちゃん（仮） 仕事中の職場にお邪魔して同僚にバレないようにセクハラしたら感度良くて濡れちゃったので閉店後に連れ出しAVデビュー！,
362,http://big-boobs.blogterest.net/page/27277/,中出しソープ 麗しの熟女湯屋 巨乳巨尻W艶肉バーガー 村上涼子 中森玲子,
363,http://big-boobs.blogterest.net/page/27607/,フェロモンマダム エクストラ,
364,http://big-boobs.blogterest.net/page/27608/,乳揉みフェチ。 風間ゆみ,
365,http://big-boobs.blogterest.net/page/27623/,性感家庭教師 中出し20連発 風間ゆみ,
366,http://big-boobs.blogterest.net/page/27621/,母親の再婚 僕の親友と結婚した母 風間ゆみ,
367,http://big-boobs.blogterest.net/page/27620/,縄酔い人妻 肉奴隷契約 風間ゆみ,
368,http://big-boobs.blogterest.net/page/23082/,篠田あゆみの凄テクを我慢できれば生★中出しSEX！,
369,http://big-boobs.blogterest.net/page/22582/,桐嶋りのの凄テクを我慢できれば生中出しSEX！,
370,http://big-boobs.blogterest.net/page/27602/,「間違えたフリして女子校通学バスに乗り込んで生でヤられた」 VOL.1,
371,http://big-boobs.blogterest.net/page/27604/,人妻の巨尻に埋もれたい2,
372,http://big-boobs.blogterest.net/page/27605/,体育会系ガチムチ女子逆レイプ部,
373,http://big-boobs.blogterest.net/page/27616/,美しい美熟女たちの夢の出張サービス 風間ゆみ 森ななこ 中森玲子 川上ゆう,
374,http://big-boobs.blogterest.net/page/27614/,露恥裏悩殺セレブW ノーパンノーブラ野外赤面ブルマ露出他人の玄関先オナニー濃厚レズ山中拘束強烈潮吹きSEX！！ 風間ゆみ 山本美和子,
375,http://big-boobs.blogterest.net/page/27612/,風間ゆみのイキッパ！,
376,http://big-boobs.blogterest.net/page/27611/,風間ゆみを拘束電マ痙攣潮吹き連続アクメ中出し HARD CORE MANIAX,
377,http://big-boobs.blogterest.net/page/27609/,中出し妻 夫の目の前で中出しされる人妻 風間ゆみ,
378,http://big-boobs.blogterest.net/page/27321/,,
379,http://big-boobs.blogterest.net/page/27344/,,
380,http://big-boobs.blogterest.net/page/27319/,ボインフェティッシュ 黒川きらら,
381,http://big-boobs.blogterest.net/page/27346/,イラマチオ奴隷志願 社内で嫌われ者のOLは、優秀な口便器 吉沢明歩,
382,http://big-boobs.blogterest.net/page/27323/,セックスに溺れる。,
383,http://big-boobs.blogterest.net/page/27334/,MOODYZファン感謝祭 うらバコバコバスツアー2011 補欠者救済プロジェクト！！,
384,http://big-boobs.blogterest.net/page/27338/,本気で濃厚キスとイキまくり潮吹きレズビアン 愛内希 宇佐美なな,
385,http://big-boobs.blogterest.net/page/27385/,,
386,http://big-boobs.blogterest.net/page/27264/,ハイレグ女教師 小早川怜子先生のありえない教育改革！！,
387,http://big-boobs.blogterest.net/page/27286/,,
388,http://big-boobs.blogterest.net/page/27291/,,
389,http://big-boobs.blogterest.net/page/27299/,ショタ・チビ亀くんのハレンチいたずら日記 小早川怜子,
390,http://big-boobs.blogterest.net/page/27281/,,
391,http://big-boobs.blogterest.net/page/27747/,「制服・下着・全裸」でおもてなし またがりオマ○コ航空12 中出し便,
392,http://big-boobs.blogterest.net/page/27596/,,
393,http://big-boobs.blogterest.net/page/27599/,兄嫁売春調教 青木玲,
394,http://big-boobs.blogterest.net/page/27594/,スーパー野外露出 駐車場で電動マッサージ器攻撃,
395,http://big-boobs.blogterest.net/page/26836/,マジックミラー号 女子大生限定！ 海水浴場で見つけた初対面男女がミラー号混浴温泉初体験！！ お互いの裸を見せ合い素股マッサージで我を忘れた2人は出会ったばっかりなのに生挿入真正中出しまでしてしまうのか！？,
396,http://big-boobs.blogterest.net/page/27587/,「欲求不満の美淫女が満員の男子校バスで大きな胸がつぶれるほど密着したら火がつくまで何分？！」 VOL.3,
397,http://big-boobs.blogterest.net/page/27590/,恥ずかしいカラダ ショートカット新人 湊莉久,
398,http://big-boobs.blogterest.net/page/26995/,,
399,http://big-boobs.blogterest.net/page/27271/,,
400,http://big-boobs.blogterest.net/page/27597/,公然ワイセツ淫乱SEX 青木玲,
401,http://big-boobs.blogterest.net/page/27595/,不倫旅行 俺は今日涼子とアナルセックスをしようと思っている。 村上涼子,
402,http://big-boobs.blogterest.net/page/27592/,僕の知らない妻を見たくて… 01,
403,http://big-boobs.blogterest.net/page/27589/,,
404,http://big-boobs.blogterest.net/page/27586/,誘惑、女教師。 男子をたぶらかす年上のオンナ 星野あかり,
405,http://big-boobs.blogterest.net/page/27582/,女ハ男ヲ目デ犯ス。 浅倉彩音 結城みさ,
406,http://big-boobs.blogterest.net/page/27269/,,
407,http://big-boobs.blogterest.net/page/27275/,,
408,http://big-boobs.blogterest.net/page/27293/,JKチアガール 12,
409,http://big-boobs.blogterest.net/page/27193/,,
410,http://big-boobs.blogterest.net/page/27297/,麗しのキャンペーンガールAGAIN 7 REIKOとゆき,
411,http://big-boobs.blogterest.net/page/26723/,マジックミラー号 胸元から覗くキレイな鎖骨！‘おとな可愛い’オフショル女子の敏感美乳をこねくり回すオイルたっぷりリンパマッサージ！火照ったカラダで超高感度なおマ○コがビン勃ちチ○ポでイキまくる！10人6本番！in池袋,
412,http://big-boobs.blogterest.net/page/27266/,みるスポ！ 小早川怜子,
413,http://big-boobs.blogterest.net/page/27566/,,
414,http://big-boobs.blogterest.net/page/27261/,舐め愛レズビアン 総集編,
415,http://big-boobs.blogterest.net/page/27152/,学校でしようよ！ 並木優,
416,http://big-boobs.blogterest.net/page/24806/,私、実は夫の上司に犯され続けてます… 深田えいみ,
417,http://big-boobs.blogterest.net/page/24322/,この女、生意気だからレイプしてよ。 女子大生強姦計画 深田えいみ,
418,http://big-boobs.blogterest.net/page/25326/,ラグジュOL ランチタイムにAV出演する働くオンナたち VOL.001,
419,http://big-boobs.blogterest.net/page/27552/,ヒップ大好きしょう太くんのHなイタズラ 黒木いちか,
420,http://big-boobs.blogterest.net/page/27550/,新陵辱女教師 犯されてもP○A会長の極太に感じる大人の女穴 黒木いちか,
421,http://big-boobs.blogterest.net/page/27548/,メゾン・ド・きらら 尻狂い 黒川きらら,
422,http://big-boobs.blogterest.net/page/27547/,出産して急激に感度があがったママチャリ早漏妻 6,
423,http://big-boobs.blogterest.net/page/27546/,第1回ギャルソンAV企画グランプリノミネート作品 SEXバカ一代〜先祖代々、SEXに情熱を捧げ続ける一族がいた〜,
424,http://big-boobs.blogterest.net/page/27739/,「おじさん…男の人とチューすると気持ちよくなるんでしょ？…」キスには興味深々なロリ●女に媚薬を口に含んだまま接吻し続けたらド変態に早変わり！汗だく！潮吹き！イキまくり！の処女マ●コに孕ませ中出し！,
425,http://big-boobs.blogterest.net/page/27567/,犯された家政婦 ふたりの狭間で… 宇佐美なな,
426,http://big-boobs.blogterest.net/page/27570/,ビュービュー潮吹き 潮まみれダブル痴女2 さとう遥希 宇佐美なな,
427,http://big-boobs.blogterest.net/page/27533/,濃厚ザーメンを子宮の奥深くに中出しされ水中クイックターンで妊娠確定！！ 湊莉久,
428,http://big-boobs.blogterest.net/page/27424/,熟拷問フェラくらぶDX3,
429,http://big-boobs.blogterest.net/page/27564/,吉沢明歩はかなり経験豊富な20代半ばの女子校生。,
430,http://big-boobs.blogterest.net/page/27561/,変態マゾヒスト ボンテージ嬢 イラマチオ調教 吉沢明歩,
431,http://big-boobs.blogterest.net/page/27558/,この汗だくSEXがスゴい！,
432,http://big-boobs.blogterest.net/page/27556/,,
433,http://big-boobs.blogterest.net/page/27568/,ヌル撮 オイルマッサージ 心理カウンセラーのセラピー猥褻マッサージ,
434,http://big-boobs.blogterest.net/page/27571/,ノーパン中出し中イキFUCK 秋山祥子,
435,http://big-boobs.blogterest.net/page/27576/,吉沢明歩はかなり経験豊富な20代半ばの女子校生。,
436,http://big-boobs.blogterest.net/page/27578/,明歩が強制的に連続射精させてアゲル。 吉沢明歩,
437,http://big-boobs.blogterest.net/page/27563/,極上BODY爆乳痴女の素人お宅訪問,
438,http://big-boobs.blogterest.net/page/27559/,温泉宿で犯された僕の妻娘,
439,http://big-boobs.blogterest.net/page/27557/,水元ゆうなのガチンコ昇天SEX！,
440,http://big-boobs.blogterest.net/page/27545/,セル初×ギリギリモザイク ギリギリモザイク 黒木なほ,
441,http://big-boobs.blogterest.net/page/27543/,,
442,http://big-boobs.blogterest.net/page/27541/,【特典収録】湊莉久 4本番 ＋1本番で計5本番楽しめる特別版！,
443,http://big-boobs.blogterest.net/page/27256/,恋人映像 黒川きらら,
444,http://big-boobs.blogterest.net/page/27260/,弟に浮気がバレた義姉は抵抗しながらも夫に内緒で義弟との背徳的肉体関係に溺れる 黒木いちか,
445,http://big-boobs.blogterest.net/page/27254/,男根の誘い 結城みさ,
446,http://big-boobs.blogterest.net/page/27537/,JKチアガールズ 有村千佳×湊莉久×初美沙希,
447,http://big-boobs.blogterest.net/page/27535/,ガニ股レースクイーン 湊莉久,
448,http://big-boobs.blogterest.net/page/27397/,巨乳イジメ総集編 4時間,
449,http://big-boobs.blogterest.net/page/27315/,母との恥ずかしい性行為 小早川怜子,
450,http://big-boobs.blogterest.net/page/27529/,淫乱感染病棟 第二章 吉沢明歩,
451,http://big-boobs.blogterest.net/page/27714/,近親素股プレイでハプニング！！妹とセックスの練習中に間違ってヌルンと挿入！！,
452,http://big-boobs.blogterest.net/page/27332/,ツン顔でイキガマンするオンナ教師 小早川怜子,
453,http://big-boobs.blogterest.net/page/27574/,シェアハウス内での禁断の押し付けSEX 吉沢明歩,
454,http://big-boobs.blogterest.net/page/27202/,卑猥なHカップ 小早川怜子,
455,http://big-boobs.blogterest.net/page/26949/,超高級風俗嬢 小島みなみ,
456,http://big-boobs.blogterest.net/page/27531/,最愛の息子との…逃避行の果て 禁断の愛 結城みさ,
457,http://big-boobs.blogterest.net/page/27212/,復活 本番解禁 麻生早苗,
458,http://big-boobs.blogterest.net/page/27285/,ハイスペック美女と超ご都合主義SEX！ありえない夢のような4つのシチュエーション 小早川怜子,
459,http://big-boobs.blogterest.net/page/27240/,数年ぶりに会った叔父さんに「昔みたいに、一緒にお風呂に入ろうよ」と成長した身体を平気で見せる美巨乳の姪っ子 宇佐美なな,
460,http://big-boobs.blogterest.net/page/27243/,進学塾の夏期講習に特別講師としてやってきた薄着の美人講師の腋に欲情した俺,
461,http://big-boobs.blogterest.net/page/27228/,性奴隷志願 メイサ,
462,http://big-boobs.blogterest.net/page/27230/,フーゾクDX 黒川きらら,
463,http://big-boobs.blogterest.net/page/27250/,濡れた髪を初めて見せてくれた君 ＃15,
464,http://big-boobs.blogterest.net/page/27226/,完熟艶女 匂いたつ本気セックス4本番 麻生早苗,
465,http://big-boobs.blogterest.net/page/27217/,溺れる堕人妻 〜目の前で夫の上司と〜 麻生早苗,
466,http://big-boobs.blogterest.net/page/27233/,TRIPLE あずみ と 怜子 と あゆみ 水嶋あずみ 小早川怜子,
467,http://big-boobs.blogterest.net/page/27238/,大学で憧れの先輩が、ある日突然継母になってどうしよう…,
468,http://big-boobs.blogterest.net/page/27247/,kira☆kira BEST 哀川りんスペシャル8時間-特別編-,
469,http://big-boobs.blogterest.net/page/27215/,復活 秋山祥子,
470,http://big-boobs.blogterest.net/page/27236/,狭いところでSEX 黒川きらら,
471,http://big-boobs.blogterest.net/page/27635/,背徳愉悦 近親相姦 風間ゆみ,
472,http://big-boobs.blogterest.net/page/27245/,撮影現場入りした女優に打ち合わせなし！待ったなし！コンドームなし！即ハメ中出しSEX 2,
473,http://big-boobs.blogterest.net/page/27206/,堕ちてゆく人妻 -本当はこんな女なの…,
474,http://big-boobs.blogterest.net/page/27307/,ドキッ！いつも見慣れているはずの巨乳妻の乳首がチラッと見えて旦那発情！,
475,http://big-boobs.blogterest.net/page/27182/,七瀬恋 凌辱ご奉仕ナース かすみ果穂,
476,http://big-boobs.blogterest.net/page/27384/,MAXING 5周年アニバーサリー100人5時間スペシャル！,
477,http://big-boobs.blogterest.net/page/27481/,,
478,http://big-boobs.blogterest.net/page/27479/,入院中に彼女が抜いてくれず、溜まってしまった僕は1人でこっそりオナニー。物音に気づいた美人ナースにバレて、内緒で色々してもらった！！ 2,
479,http://big-boobs.blogterest.net/page/27477/,,
480,http://big-boobs.blogterest.net/page/27688/,どんな男も優しく射精させてくれる女神の誘惑奉仕 美乃すずめ,
481,http://big-boobs.blogterest.net/page/27527/,X’mas Acky！ 吉沢明歩,
482,http://big-boobs.blogterest.net/page/27191/,女教師奴隷市場 西野翔 かすみりさ,
483,http://big-boobs.blogterest.net/page/27516/,巨乳秘書☆絶対服従 秋山祥子,
484,http://big-boobs.blogterest.net/page/27484/,美熟女ドキュメント 風間ゆみのすべて,
485,http://big-boobs.blogterest.net/page/27510/,宇佐美ななのナースでしようよ,
486,http://big-boobs.blogterest.net/page/27505/,,
487,http://big-boobs.blogterest.net/page/27501/,巨乳イジメ総集編 4時間,
488,http://big-boobs.blogterest.net/page/27525/,犯された美人警備員 吉沢明歩,
489,http://big-boobs.blogterest.net/page/27520/,秋山祥子 完全引退！！ ハメおさめ温泉旅行☆,
490,http://big-boobs.blogterest.net/page/27514/,狙われた水泳部員 なな ～無抵抗な少女に襲いかかる男たち～,
491,http://big-boobs.blogterest.net/page/27373/,,
492,http://big-boobs.blogterest.net/page/27508/,幼妻は潮吹き女子校生 宇佐美なな,
493,http://big-boobs.blogterest.net/page/27504/,ある日突然モテ男に変身！？オッパイだらけの夢のハーレム性活 2,
494,http://big-boobs.blogterest.net/page/27499/,働く痴女系お姉さん 冬月かえで  【MGSだけの特典映像付】 +15分,
495,http://big-boobs.blogterest.net/page/27493/,秘書・イラマチオ 黒木いちか,
496,http://big-boobs.blogterest.net/page/27523/,吉沢明歩はおクチでイキまくる。,
497,http://big-boobs.blogterest.net/page/27518/,規格外のデカチンに秋山祥子が中出しされるっ！！,
498,http://big-boobs.blogterest.net/page/27512/,スク水H 50 宇佐美なな,
499,http://big-boobs.blogterest.net/page/27487/,社長秘書はインテリ痴女 風間ゆみ,
500,http://big-boobs.blogterest.net/page/27506/,女子校生本物中出し 宇佐美なな,
501,http://big-boobs.blogterest.net/page/27502/,温泉旅館で頼んだマッサージ師が若くて美人で超タイプ！サービス中に際どい箇所もモミモミするので自然と浴衣がはだけて勃起チ●ポが露出！ダメもとで本番交渉してみました！2,
502,http://big-boobs.blogterest.net/page/27497/,2nd Virgin 黒川きらら,
503,http://big-boobs.blogterest.net/page/27491/,美人看護師に夜な夜な強制射精されてしまった俺,
504,http://big-boobs.blogterest.net/page/27440/,水元ゆうなに責められたい！,
505,http://big-boobs.blogterest.net/page/27438/,巨乳診断書 16 仁科百華,
506,http://big-boobs.blogterest.net/page/27436/,きららとイク！バーチャル南国旅行。 黒川きらら,
507,http://big-boobs.blogterest.net/page/27435/,復活・淫ラナ腰ツキ Vol.3 ERIKA,
508,http://big-boobs.blogterest.net/page/27313/,鬼詰のオメコ 無限発射編,
509,http://big-boobs.blogterest.net/page/27476/,,
510,http://big-boobs.blogterest.net/page/27465/,女教師Bomb！ 4時間,
511,http://big-boobs.blogterest.net/page/27301/,つかさ先生のぶっかけ教室 葵つかさ,
512,http://big-boobs.blogterest.net/page/27441/,ファン感謝デー 野球拳スペシャル in マジックミラー号 仁科百華,
513,http://big-boobs.blogterest.net/page/27445/,「間違えたフリして女子校通学バスに乗り込んで生でヤられた」 VOL.3,
514,http://big-boobs.blogterest.net/page/27449/,え〜っ！ぼ、僕の部屋に秋山祥子がやってきた！！,
515,http://big-boobs.blogterest.net/page/27459/,湯けむり近親相姦 母子入浴交尾 総集編 2 4時間,
516,http://big-boobs.blogterest.net/page/27470/,息子に揉まれた母 村上涼子,
517,http://big-boobs.blogterest.net/page/27474/,SEXのハードルが異常に低い世界 11,
518,http://big-boobs.blogterest.net/page/27463/,一つ屋根の下にお年頃の姉妹と兄弟が暮らしていたら当然レズや家庭内陵辱で近親相姦,
519,http://big-boobs.blogterest.net/page/27453/,温泉旅館の欲求不満な三姉妹 〜近親交尾に痴態を晒す女たち〜 北条麻妃 結城みさ 成瀬心美,
520,http://big-boobs.blogterest.net/page/27268/,残業中のOLが誰もいない事を確認してオフィスでこっそりオナニー開始！その現場を男性社員に見られても止めるどころか逆レイプ！！,
521,http://big-boobs.blogterest.net/page/27444/,エッチな騎乗位で抜いてあげる 宇佐美なな,
522,http://big-boobs.blogterest.net/page/27448/,,
523,http://big-boobs.blogterest.net/page/27457/,童貞を食べたくて仕方がない欲求不満の団地妻サークル,
524,http://big-boobs.blogterest.net/page/27469/,豊満海女 肉欲痴女のチ○ポ漁り 村上涼子,
525,http://big-boobs.blogterest.net/page/27472/,猥褻モデル 黒木なほ,
526,http://big-boobs.blogterest.net/page/27461/,パンスト商品開発部 パンスト美脚と卑猥なパワハラ 究極の女性上位オフィス,
527,http://big-boobs.blogterest.net/page/27451/,吉沢明歩×ボンテージQUEEN,
528,http://big-boobs.blogterest.net/page/27176/,風俗ちゃんねる 21 つぼみ,
529,http://big-boobs.blogterest.net/page/27446/,ケイオン♪ 秋山祥子,
530,http://big-boobs.blogterest.net/page/27455/,騙姦 06,
531,http://big-boobs.blogterest.net/page/27467/,「熟女の口はもっと嘘をつく。」 熟雌女anthology ＃059 星野あかり,
532,http://big-boobs.blogterest.net/page/27400/,いもうとメイド ボクの萌え妄想 宇佐美なな,
533,http://big-boobs.blogterest.net/page/27399/,黒髪少女兄妹近親美尻画報 宇佐美なな,
534,http://big-boobs.blogterest.net/page/27342/,ギリギリモザイク 激烈ピストン 5 西野翔,
535,http://big-boobs.blogterest.net/page/27396/,巨乳触診カルテ 仁科百華,
536,http://big-boobs.blogterest.net/page/27394/,酔いつぶれた友人…その妻と 仁科百華,
537,http://big-boobs.blogterest.net/page/27249/,新人 ヴィー●スインターナショ●ル日本代表 AV DEBUT 二階堂夢,
538,http://big-boobs.blogterest.net/page/27433/,中出しボイン奴隷 黒川きらら,
539,http://big-boobs.blogterest.net/page/27429/,,
540,http://big-boobs.blogterest.net/page/27330/,尻伝説 仁科百華,
541,http://big-boobs.blogterest.net/page/27580/,純恋 吉沢明歩,
542,http://big-boobs.blogterest.net/page/27419/,Black Impact 星野あかり,
543,http://big-boobs.blogterest.net/page/27415/,結城みさがヌイてあげる,
544,http://big-boobs.blogterest.net/page/27412/,人妻デリバリー 30,
545,http://big-boobs.blogterest.net/page/27408/,冬月かえでと恋人気分でHなバーチャルデート,
546,http://big-boobs.blogterest.net/page/27427/,,
547,http://big-boobs.blogterest.net/page/27417/,たびじ 逃亡犯の女 星野あかり,
548,http://big-boobs.blogterest.net/page/27414/,超人気AV女優が離島で真剣お見合い,
549,http://big-boobs.blogterest.net/page/27411/,Fucking Machine SEX 吉沢明歩,
550,http://big-boobs.blogterest.net/page/27406/,,
551,http://big-boobs.blogterest.net/page/27431/,レンタルAV熟女優 風間ゆみ,
552,http://big-boobs.blogterest.net/page/27425/,巨乳巨尻妻 〜わたしの全部、撮ってください〜 村上涼子,
553,http://big-boobs.blogterest.net/page/27420/,美しき淫獣CLIMAX 星野あかり,
554,http://big-boobs.blogterest.net/page/27422/,いいなり家政婦 巨乳デカ尻ドエロご奉仕 村上涼子,
555,http://big-boobs.blogterest.net/page/27416/,自分の母親が性玩具にされるところを撮影する変態息子 結城みさ,
556,http://big-boobs.blogterest.net/page/27413/,,
557,http://big-boobs.blogterest.net/page/27409/,吉沢明歩をもっとイジめちゃう。,
558,http://big-boobs.blogterest.net/page/27405/,妹の巨乳がいやらしすぎてムラムラを抑えきれない！ 秋山祥子,
559,http://big-boobs.blogterest.net/page/27354/,息子と手をつないで義弟と不倫中出しFUCK,
560,http://big-boobs.blogterest.net/page/27356/,妻が出産直前！ 家事手伝いに来た義理の姉さんと僕 星野あかり,
561,http://big-boobs.blogterest.net/page/27350/,犯され養女、明歩。 吉沢明歩,
562,http://big-boobs.blogterest.net/page/27348/,働くAcky！ 吉沢明歩,
563,http://big-boobs.blogterest.net/page/27581/,媚縛 潜入捜査官 奏音かのん,
564,http://big-boobs.blogterest.net/page/27392/,仁科百華のエステしちゃうぞ,
565,http://big-boobs.blogterest.net/page/27387/,あぶない！ゆうな先生 水元ゆうな,
566,http://big-boobs.blogterest.net/page/27195/,ドキッ！いつも見慣れているはずの巨乳妻の乳首がチラッと見えて旦那発情！,
567,http://big-boobs.blogterest.net/page/27379/,黒川きららがネットで募集した童貞をやさしく筆おろし 黒川きらら,
568,http://big-boobs.blogterest.net/page/27377/,顔面騎乗 尻フェチ専科 4 風間ゆみ,
569,http://big-boobs.blogterest.net/page/27371/,CLUB TAKARA 第1話 【戻る憩いの場】,
570,http://big-boobs.blogterest.net/page/27366/,犯されたCA 被虐の美人キャビンアテンダント 吉沢明歩,
571,http://big-boobs.blogterest.net/page/27360/,突然2回連続でしゃぶられちゃった僕。 その7,
572,http://big-boobs.blogterest.net/page/27390/,黒川きららの取扱説明書 黒川きらら,
573,http://big-boobs.blogterest.net/page/27386/,お義父さん、ごめんなさい…。 黒木いちか,
574,http://big-boobs.blogterest.net/page/27382/,誘惑する痴女ボイン女教師 黒川きらら,
575,http://big-boobs.blogterest.net/page/27258/,ペニバンレズ教師 小早川怜子,
576,http://big-boobs.blogterest.net/page/27375/,女教師 中出し20連発 風間ゆみ,
577,http://big-boobs.blogterest.net/page/27364/,ドM秘書 卑猥すぎる性接待,
578,http://big-boobs.blogterest.net/page/27359/,根っからのち○ぽ好き 尺八大好きエロ美少女×20人,
579,http://big-boobs.blogterest.net/page/27388/,仁科百華のドッキリ（秘）報告,
580,http://big-boobs.blogterest.net/page/27156/,,
581,http://big-boobs.blogterest.net/page/27381/,光と影 姉妹の絆 水元ゆうな 黒木アリサ,
582,http://big-boobs.blogterest.net/page/27378/,東京青姦散歩 黒木いちか,
583,http://big-boobs.blogterest.net/page/27374/,秘書in… ［脅迫スイートルーム］ Secretary Yumi（27）,
584,http://big-boobs.blogterest.net/page/27367/,初めての黒人ファック 宇佐美なな,
585,http://big-boobs.blogterest.net/page/27362/,M男の僕は… ムチムチの爆乳黒ギャルに責め続けられたい,
586,http://big-boobs.blogterest.net/page/27358/,人妻パイパンフェティシズム 〜剥き出しになる理容師・あかりの恥部〜 星野あかり,
587,http://big-boobs.blogterest.net/page/27311/,,
588,http://big-boobs.blogterest.net/page/27310/,改 HyperIdeaPocket 究極の尻フェチマニアックス 黒木いちか,
589,http://big-boobs.blogterest.net/page/27308/,彼女の母 風間ゆみ,
590,http://big-boobs.blogterest.net/page/27306/,,
591,http://big-boobs.blogterest.net/page/26440/,美脚ルーズソックスGAL制服美少女 Vol.001,
592,http://big-boobs.blogterest.net/page/27347/,ギリモザ 男ヲ犯ス逆痴漢 吉沢明歩,
593,http://big-boobs.blogterest.net/page/27341/,ギリギリモザイク 激烈ピストン 5 西野翔,
594,http://big-boobs.blogterest.net/page/27337/,本気で濃厚キスとイキまくり潮吹きレズビアン 愛内希 宇佐美なな,
595,http://big-boobs.blogterest.net/page/27317/,義父のとてもいやらしい接吻のトリコになった若妻 黒木いちか,
596,http://big-boobs.blogterest.net/page/27335/,Luxy 秋山祥子を風俗で指名してみませんか？,
597,http://big-boobs.blogterest.net/page/27331/,男根に躾けられた女7 水元ゆうな,
598,http://big-boobs.blogterest.net/page/27327/,,
599,http://big-boobs.blogterest.net/page/27322/,セックスに溺れる。,
600,http://big-boobs.blogterest.net/page/27345/,イラマチオ奴隷志願 社内で嫌われ者のOLは、優秀な口便器 吉沢明歩,
601,http://big-boobs.blogterest.net/page/27340/,犯された花嫁 悲劇のヴァージンロード 吉沢明歩,
602,http://big-boobs.blogterest.net/page/27326/,,
603,http://big-boobs.blogterest.net/page/27205/,九時五時の人妻さん 小早川怜子,
604,http://big-boobs.blogterest.net/page/27333/,MOODYZファン感謝祭 うらバコバコバスツアー2011 補欠者救済プロジェクト！！,
605,http://big-boobs.blogterest.net/page/27329/,尻伝説 仁科百華,
606,http://big-boobs.blogterest.net/page/27325/,ボイン若妻 黒川きらら,
607,http://big-boobs.blogterest.net/page/27320/,,
608,http://big-boobs.blogterest.net/page/27343/,,
609,http://big-boobs.blogterest.net/page/27339/,絶対に解かれることのない拘束 秋山祥子,
610,http://big-boobs.blogterest.net/page/27336/,プレミアム・ビューティー W大量潮吹き132連発4時間スペシャル 西野翔 片瀬まこ,
611,http://big-boobs.blogterest.net/page/27328/,痴漢映画館 4 こんな所で…なのに、なのに私ったら…！ 麻生早苗,
612,http://big-boobs.blogterest.net/page/27108/,,
613,http://big-boobs.blogterest.net/page/27318/,ボインフェティッシュ 黒川きらら,
614,http://big-boobs.blogterest.net/page/27267/,100回射精したくなる、いやらしい唇 秋山祥子,
615,http://big-boobs.blogterest.net/page/27265/,みるスポ！ 小早川怜子,
616,http://big-boobs.blogterest.net/page/27263/,ハイレグ女教師 小早川怜子先生のありえない教育改革！！,
617,http://big-boobs.blogterest.net/page/27262/,舐め愛レズビアン 総集編,
618,http://big-boobs.blogterest.net/page/27486/,萌え系 恥じらい女子校生 連れ込み個人撮影 SNSで見つけた女神に中出ししちゃいましたww,
619,http://big-boobs.blogterest.net/page/27302/,イカ〜ン捜査！ きみまゆ警部のハメ締り 希美まゆ,
620,http://big-boobs.blogterest.net/page/27292/,JKチアガール 12,
621,http://big-boobs.blogterest.net/page/27218/,友人の妻はドスケベ家庭教師 小早川怜子,
622,http://big-boobs.blogterest.net/page/27272/,秋山祥子のリアルセックス,
623,http://big-boobs.blogterest.net/page/27283/,女子からはキモがられ一切無視されている僕。かたや自分の誕生日会に友達がいっぱい集まる人気者の妹。そんな妹の誕生日会にやって来る友達が可愛すぎて、思わず飲み物に『どんなウブな女の子でも自分からチ○ポを求めてしまう媚薬』を入れてしまいました。,
624,http://big-boobs.blogterest.net/page/27289/,ムーディーズ創立10周年記念 MOODYZ×IDEAPOCKET 僕と翔の甘〜い性活 西野翔,
625,http://big-boobs.blogterest.net/page/27298/,ショタ・チビ亀くんのハレンチいたずら日記 小早川怜子,
626,http://big-boobs.blogterest.net/page/27304/,,
627,http://big-boobs.blogterest.net/page/27305/,,
628,http://big-boobs.blogterest.net/page/27288/,,
629,http://big-boobs.blogterest.net/page/27274/,あなた、許して…。-憧れの女- 麻生早苗,
630,http://big-boobs.blogterest.net/page/27203/,泥酔した姉に性衝動を抑えきれず中出しレイプした弟の近親相姦映像,
631,http://big-boobs.blogterest.net/page/27282/,保健教諭、結城冴子 服従の診療日誌 File.02 結城みさ,
632,http://big-boobs.blogterest.net/page/27287/,,
633,http://big-boobs.blogterest.net/page/27296/,麗しのキャンペーンガールAGAIN 7 REIKOとゆき,
634,http://big-boobs.blogterest.net/page/27303/,,
635,http://big-boobs.blogterest.net/page/27290/,チンポをむさぼる爆乳人妻 JULIA,
636,http://big-boobs.blogterest.net/page/27273/,街でウワサのおねだり妻 小早川怜子,
637,http://big-boobs.blogterest.net/page/27270/,,
638,http://big-boobs.blogterest.net/page/27280/,,
639,http://big-boobs.blogterest.net/page/27294/,長男と不仲の嫁は次男を誘惑し、それを見ていた三男に脅されて… 結城みさ,
640,http://big-boobs.blogterest.net/page/27300/,,
641,http://big-boobs.blogterest.net/page/27216/,溺れる堕人妻 〜目の前で夫の上司と〜 麻生早苗,
642,http://big-boobs.blogterest.net/page/27214/,復活 秋山祥子,
643,http://big-boobs.blogterest.net/page/27213/,濃密着ローションSex 90cmIcup 小早川怜子,
644,http://big-boobs.blogterest.net/page/27211/,復活 本番解禁 麻生早苗,
645,http://big-boobs.blogterest.net/page/27312/,絶対に孕ませてやる！ずっと好きだったのにボクを置いて結婚する姉に連続中出し3日間。 田中ねね,
646,http://big-boobs.blogterest.net/page/27259/,弟に浮気がバレた義姉は抵抗しながらも夫に内緒で義弟との背徳的肉体関係に溺れる 黒木いちか,
647,http://big-boobs.blogterest.net/page/27219/,養父に犯された花嫁 吉沢明歩,
648,http://big-boobs.blogterest.net/page/27246/,kira☆kira BEST 哀川りんスペシャル8時間-特別編-,
649,http://big-boobs.blogterest.net/page/27241/,女狐2 西野翔,
650,http://big-boobs.blogterest.net/page/27237/,大学で憧れの先輩が、ある日突然継母になってどうしよう…,
651,http://big-boobs.blogterest.net/page/27232/,TRIPLE あずみ と 怜子 と あゆみ 水嶋あずみ 小早川怜子,
652,http://big-boobs.blogterest.net/page/27227/,性奴隷志願 メイサ,
653,http://big-boobs.blogterest.net/page/27222/,若妻牝レイプ 食べ頃な獲物たち…5 綾瀬みなみ 風間ゆみ,
654,http://big-boobs.blogterest.net/page/27257/,並木優×黒川きらら ヤリなおし修学旅行。,
655,http://big-boobs.blogterest.net/page/27253/,家庭教師 生徒の想いを受け入れて 宇佐美なな,
656,http://big-boobs.blogterest.net/page/27244/,撮影現場入りした女優に打ち合わせなし！待ったなし！コンドームなし！即ハメ中出しSEX 2,
657,http://big-boobs.blogterest.net/page/27180/,,
658,http://big-boobs.blogterest.net/page/27201/,卑猥なHカップ 小早川怜子,
659,http://big-boobs.blogterest.net/page/27231/,即ズボ！ ランプが鳴ったらどこでもセックス 麻美ゆま,
660,http://big-boobs.blogterest.net/page/27225/,完熟艶女 匂いたつ本気セックス4本番 麻生早苗,
661,http://big-boobs.blogterest.net/page/27221/,特殊浴場レズビアン つぼみ 風間ゆみ,
662,http://big-boobs.blogterest.net/page/27255/,恋人映像 黒川きらら,
663,http://big-boobs.blogterest.net/page/27242/,進学塾の夏期講習に特別講師としてやってきた薄着の美人講師の腋に欲情した俺,
664,http://big-boobs.blogterest.net/page/27239/,数年ぶりに会った叔父さんに「昔みたいに、一緒にお風呂に入ろうよ」と成長した身体を平気で見せる美巨乳の姪っ子 宇佐美なな,
665,http://big-boobs.blogterest.net/page/27234/,,
666,http://big-boobs.blogterest.net/page/27229/,フーゾクDX 黒川きらら,
667,http://big-boobs.blogterest.net/page/27223/,人妻 奴隷契約 小早川怜子,
668,http://big-boobs.blogterest.net/page/27220/,ぺろんちょ学園 〜AV女優が在籍するピンサロ店〜,
669,http://big-boobs.blogterest.net/page/27002/,4人にパンチラ挑発されて犯された俺,
670,http://big-boobs.blogterest.net/page/26999/,ザーメンごっくん精飲専用小悪魔美少女 阿部乃みく,
671,http://big-boobs.blogterest.net/page/27052/,,
672,http://big-boobs.blogterest.net/page/24565/,,
673,http://big-boobs.blogterest.net/page/27165/,,
674,http://big-boobs.blogterest.net/page/27279/,人気ヘルス嬢だらけの抜き差しバッチリ！癒しのパイパン裏ヘルス お店に秘密で本番行為OKの裏風俗店Part2,
675,http://big-boobs.blogterest.net/page/27210/,E-BODY高画質セックス4時間2,
676,http://big-boobs.blogterest.net/page/27082/,部活終わりのブルマ女子校生に超秘伝エスニック系媚薬入りドリンクを飲ませたらムッチリ食い込み尻をふるわせてチ○ポを欲しがった,
677,http://big-boobs.blogterest.net/page/27207/,堕ちてゆく人妻 -本当はこんな女なの…,
678,http://big-boobs.blogterest.net/page/27177/,風俗ちゃんねる 21 つぼみ,
679,http://big-boobs.blogterest.net/page/27172/,かほちゃんの恋人 小さくなっちゃった僕と大きい彼女 かすみ果穂,
680,http://big-boobs.blogterest.net/page/27194/,キャリアウーマン牝レイプ 食べ頃な獲物たち…3 西野翔 風間ゆみ,
681,http://big-boobs.blogterest.net/page/27188/,S県T市在住の匿名さんからのおハガキです。『うちの町内会の新しい会長があのAV女優の風間ゆみさんにすごく似ている気がします…。気になって夜も眠れません。エロ屋さん、確かめに来てくれませんか？』,
682,http://big-boobs.blogterest.net/page/27183/,七瀬恋 凌辱ご奉仕ナース かすみ果穂,
683,http://big-boobs.blogterest.net/page/27209/,,
684,http://big-boobs.blogterest.net/page/27199/,恥ずかしいカラダ ウルトラセックスマシーン REIKO,
685,http://big-boobs.blogterest.net/page/27000/,昭和のやりまん女 阿部乃みく,
686,http://big-boobs.blogterest.net/page/27166/,,
687,http://big-boobs.blogterest.net/page/27198/,Batsuichi 蒸す女,
688,http://big-boobs.blogterest.net/page/27181/,,
689,http://big-boobs.blogterest.net/page/27208/,ドキュメント現役女教師 小早川怜子,
690,http://big-boobs.blogterest.net/page/27001/,,
691,http://big-boobs.blogterest.net/page/27168/,かほちゃんの恋人 小さくなっちゃった僕と大きい彼女 かすみ果穂,
692,http://big-boobs.blogterest.net/page/27175/,,
693,http://big-boobs.blogterest.net/page/26998/,ザーメンごっくん精飲専用小悪魔美少女 阿部乃みく,
694,http://big-boobs.blogterest.net/page/27190/,高級ソープに堕ちた人妻 小早川怜子,
695,http://big-boobs.blogterest.net/page/27185/,,
696,http://big-boobs.blogterest.net/page/27179/,かほちゃんの恋人 小さくなっちゃった僕と大きい彼女 かすみ果穂,
697,http://big-boobs.blogterest.net/page/27146/,長谷川ゆなとエスカレートしすぎるドしろーと娘6人&AV女優6人がイク!!プレステージ的ファン感謝祭!!バスツアー 【MGSだけの特典映像付】 +10分,
698,http://big-boobs.blogterest.net/page/27145/,,
699,http://big-boobs.blogterest.net/page/27144/,長谷川ゆなとエスカレートしすぎるドしろーと娘6人&AV女優6人がイク!!プレステージ的ファン感謝祭!!バスツアー 【MGSだけの特典映像付】 +10分,
700,http://big-boobs.blogterest.net/page/27127/,,
701,http://big-boobs.blogterest.net/page/27123/,もしも、並木優におちんちんが生えてきちゃったら 並木優,
702,http://big-boobs.blogterest.net/page/27040/,完ナマSTYLE@文学女子石原希望 文学女子に誘われて,
703,http://big-boobs.blogterest.net/page/27235/,狭いところでSEX 黒川きらら,
704,http://big-boobs.blogterest.net/page/27160/,,
705,http://big-boobs.blogterest.net/page/27157/,,
706,http://big-boobs.blogterest.net/page/27154/,,
707,http://big-boobs.blogterest.net/page/27151/,お仕事ちょ〜だい 2 〜ご奉仕研修編〜,
708,http://big-boobs.blogterest.net/page/27143/,,
709,http://big-boobs.blogterest.net/page/27137/,突如イカされた美少女アイドル！ 由愛可奈,
710,http://big-boobs.blogterest.net/page/27131/,時間が止まるスイッチ 並木優,
711,http://big-boobs.blogterest.net/page/27162/,,
712,http://big-boobs.blogterest.net/page/27159/,,
713,http://big-boobs.blogterest.net/page/27174/,,
714,http://big-boobs.blogterest.net/page/27111/,,
715,http://big-boobs.blogterest.net/page/27150/,お仕事ちょ〜だい 2 〜ご奉仕研修編〜,
716,http://big-boobs.blogterest.net/page/27141/,総合婦人肌着メーカーWAKOSUKE～Winter Elegance Collection 2017～ 春菜はな,
717,http://big-boobs.blogterest.net/page/27135/,犯られまくる淫乱ドM女教師 由愛可奈,
718,http://big-boobs.blogterest.net/page/27129/,時間が止まるスイッチ 並木優,
719,http://big-boobs.blogterest.net/page/27161/,,
720,http://big-boobs.blogterest.net/page/27158/,,
721,http://big-boobs.blogterest.net/page/27155/,,
722,http://big-boobs.blogterest.net/page/27153/,お仕事ちょ〜だい 2 〜ご奉仕研修編〜,
723,http://big-boobs.blogterest.net/page/27149/,,
724,http://big-boobs.blogterest.net/page/27139/,,
725,http://big-boobs.blogterest.net/page/27133/,新人 由愛可奈,
726,http://big-boobs.blogterest.net/page/27125/,初花-hatsuhana- 麻田有希,
727,http://big-boobs.blogterest.net/page/27081/,,
728,http://big-boobs.blogterest.net/page/27086/,,
729,http://big-boobs.blogterest.net/page/27090/,,
730,http://big-boobs.blogterest.net/page/27092/,,
731,http://big-boobs.blogterest.net/page/27094/,,
732,http://big-boobs.blogterest.net/page/27278/,,
733,http://big-boobs.blogterest.net/page/27121/,,
734,http://big-boobs.blogterest.net/page/27118/,,
735,http://big-boobs.blogterest.net/page/27115/,,
736,http://big-boobs.blogterest.net/page/27088/,,
737,http://big-boobs.blogterest.net/page/27112/,,
738,http://big-boobs.blogterest.net/page/27109/,,
739,http://big-boobs.blogterest.net/page/27103/,,
740,http://big-boobs.blogterest.net/page/27078/,,
741,http://big-boobs.blogterest.net/page/27120/,,
742,http://big-boobs.blogterest.net/page/27117/,,
743,http://big-boobs.blogterest.net/page/27114/,,
744,http://big-boobs.blogterest.net/page/26982/,,
745,http://big-boobs.blogterest.net/page/27100/,,
746,http://big-boobs.blogterest.net/page/27076/,,
747,http://big-boobs.blogterest.net/page/27119/,,
748,http://big-boobs.blogterest.net/page/27116/,,
749,http://big-boobs.blogterest.net/page/27113/,,
750,http://big-boobs.blogterest.net/page/27084/,,
751,http://big-boobs.blogterest.net/page/27110/,,
752,http://big-boobs.blogterest.net/page/27105/,,
753,http://big-boobs.blogterest.net/page/27097/,,
754,http://big-boobs.blogterest.net/page/27074/,,
755,http://big-boobs.blogterest.net/page/27072/,,
756,http://big-boobs.blogterest.net/page/27071/,,
757,http://big-boobs.blogterest.net/page/27070/,,
758,http://big-boobs.blogterest.net/page/27069/,,
759,http://big-boobs.blogterest.net/page/27068/,,
760,http://big-boobs.blogterest.net/page/27044/,,
761,http://big-boobs.blogterest.net/page/27067/,,
762,http://big-boobs.blogterest.net/page/27066/,,
763,http://big-boobs.blogterest.net/page/27065/,,
764,http://big-boobs.blogterest.net/page/27064/,,
765,http://big-boobs.blogterest.net/page/27063/,,
766,http://big-boobs.blogterest.net/page/27062/,,
767,http://big-boobs.blogterest.net/page/27061/,,
768,http://big-boobs.blogterest.net/page/27060/,,
769,http://big-boobs.blogterest.net/page/27003/,,
770,http://big-boobs.blogterest.net/page/27058/,,
771,http://big-boobs.blogterest.net/page/27057/,,
772,http://big-boobs.blogterest.net/page/27186/,,
773,http://big-boobs.blogterest.net/page/27056/,,
774,http://big-boobs.blogterest.net/page/27055/,,
775,http://big-boobs.blogterest.net/page/27054/,,
776,http://big-boobs.blogterest.net/page/27053/,,
777,http://big-boobs.blogterest.net/page/27184/,,
778,http://big-boobs.blogterest.net/page/27051/,,
779,http://big-boobs.blogterest.net/page/27050/,,
780,http://big-boobs.blogterest.net/page/27049/,,
781,http://big-boobs.blogterest.net/page/27048/,,
782,http://big-boobs.blogterest.net/page/27047/,,
783,http://big-boobs.blogterest.net/page/27046/,,
784,http://big-boobs.blogterest.net/page/27045/,,
785,http://big-boobs.blogterest.net/page/26976/,,
786,http://big-boobs.blogterest.net/page/26978/,,
787,http://big-boobs.blogterest.net/page/27148/,,
788,http://big-boobs.blogterest.net/page/26981/,,
789,http://big-boobs.blogterest.net/page/26977/,,
790,http://big-boobs.blogterest.net/page/27095/,,
791,http://big-boobs.blogterest.net/page/26975/,,
792,http://big-boobs.blogterest.net/page/26974/,,
793,http://big-boobs.blogterest.net/page/27147/,,
794,http://big-boobs.blogterest.net/page/27104/,,
795,http://big-boobs.blogterest.net/page/27106/,,
796,http://big-boobs.blogterest.net/page/27124/,,
797,http://big-boobs.blogterest.net/page/27126/,,
798,http://big-boobs.blogterest.net/page/27128/,,
799,http://big-boobs.blogterest.net/page/27136/,,
800,http://big-boobs.blogterest.net/page/27138/,,
801,http://big-boobs.blogterest.net/page/27142/,,
802,http://big-boobs.blogterest.net/page/27098/,,
803,http://big-boobs.blogterest.net/page/27031/,,
804,http://big-boobs.blogterest.net/page/27036/,,
805,http://big-boobs.blogterest.net/page/27099/,,
806,http://big-boobs.blogterest.net/page/27122/,,
807,http://big-boobs.blogterest.net/page/27132/,,
808,http://big-boobs.blogterest.net/page/27134/,,
809,http://big-boobs.blogterest.net/page/27140/,,
810,http://big-boobs.blogterest.net/page/27034/,,
811,http://big-boobs.blogterest.net/page/27037/,,
812,http://big-boobs.blogterest.net/page/27102/,,
813,http://big-boobs.blogterest.net/page/27130/,,
814,http://big-boobs.blogterest.net/page/26948/,,
815,http://big-boobs.blogterest.net/page/27079/,,
816,http://big-boobs.blogterest.net/page/27077/,,
817,http://big-boobs.blogterest.net/page/27073/,,
818,http://big-boobs.blogterest.net/page/26950/,,
819,http://big-boobs.blogterest.net/page/27025/,,
820,http://big-boobs.blogterest.net/page/27043/,,
821,http://big-boobs.blogterest.net/page/27009/,,
822,http://big-boobs.blogterest.net/page/26994/,,
823,http://big-boobs.blogterest.net/page/27087/,,
824,http://big-boobs.blogterest.net/page/27019/,,
825,http://big-boobs.blogterest.net/page/27007/,,
826,http://big-boobs.blogterest.net/page/27083/,,
827,http://big-boobs.blogterest.net/page/27093/,,
828,http://big-boobs.blogterest.net/page/27015/,,
829,http://big-boobs.blogterest.net/page/27016/,,
830,http://big-boobs.blogterest.net/page/27006/,,
831,http://big-boobs.blogterest.net/page/27023/,,
832,http://big-boobs.blogterest.net/page/27014/,,
833,http://big-boobs.blogterest.net/page/27022/,,
834,http://big-boobs.blogterest.net/page/27017/,,
835,http://big-boobs.blogterest.net/page/27008/,,
836,http://big-boobs.blogterest.net/page/27011/,,
837,http://big-boobs.blogterest.net/page/27010/,,
838,http://big-boobs.blogterest.net/page/27018/,,
839,http://big-boobs.blogterest.net/page/27024/,,
840,http://big-boobs.blogterest.net/page/27028/,,
841,http://big-boobs.blogterest.net/page/27027/,,
842,http://big-boobs.blogterest.net/page/27026/,,
843,http://big-boobs.blogterest.net/page/27029/,,
844,http://big-boobs.blogterest.net/page/27032/,,
845,http://big-boobs.blogterest.net/page/26914/,,
846,http://big-boobs.blogterest.net/page/26915/,,
847,http://big-boobs.blogterest.net/page/26917/,,
848,http://big-boobs.blogterest.net/page/26919/,,
849,http://big-boobs.blogterest.net/page/26920/,,
850,http://big-boobs.blogterest.net/page/27038/,,
851,http://big-boobs.blogterest.net/page/26921/,,
852,http://big-boobs.blogterest.net/page/26922/,,
853,http://big-boobs.blogterest.net/page/26924/,,
854,http://big-boobs.blogterest.net/page/26925/,,
855,http://big-boobs.blogterest.net/page/26947/,,
856,http://big-boobs.blogterest.net/page/26946/,,
857,http://big-boobs.blogterest.net/page/26945/,,
858,http://big-boobs.blogterest.net/page/27096/,,
859,http://big-boobs.blogterest.net/page/27035/,,
860,http://big-boobs.blogterest.net/page/27101/,,
861,http://big-boobs.blogterest.net/page/27030/,,
862,http://big-boobs.blogterest.net/page/27075/,,
863,http://big-boobs.blogterest.net/page/27089/,,
864,http://big-boobs.blogterest.net/page/27020/,,
865,http://big-boobs.blogterest.net/page/27021/,,
866,http://big-boobs.blogterest.net/page/27004/,,
867,http://big-boobs.blogterest.net/page/27005/,,
868,http://big-boobs.blogterest.net/page/27080/,,
869,http://big-boobs.blogterest.net/page/27085/,,
870,http://big-boobs.blogterest.net/page/27091/,,
871,http://big-boobs.blogterest.net/page/26923/,,
872,http://big-boobs.blogterest.net/page/26918/,,
873,http://big-boobs.blogterest.net/page/26916/,,
874,http://big-boobs.blogterest.net/page/26913/,,
875,http://big-boobs.blogterest.net/page/26888/,,
876,http://big-boobs.blogterest.net/page/26887/,,
877,http://big-boobs.blogterest.net/page/26886/,,
878,http://big-boobs.blogterest.net/page/26885/,,
879,http://big-boobs.blogterest.net/page/26884/,,
880,http://big-boobs.blogterest.net/page/27041/,,
881,http://big-boobs.blogterest.net/page/26890/,,
882,http://big-boobs.blogterest.net/page/26891/,,
883,http://big-boobs.blogterest.net/page/26892/,,
884,http://big-boobs.blogterest.net/page/26893/,,
885,http://big-boobs.blogterest.net/page/26902/,,
886,http://big-boobs.blogterest.net/page/26908/,,
887,http://big-boobs.blogterest.net/page/26912/,,
888,http://big-boobs.blogterest.net/page/26911/,,
889,http://big-boobs.blogterest.net/page/26896/,,
890,http://big-boobs.blogterest.net/page/26895/,,
891,http://big-boobs.blogterest.net/page/26894/,,
892,http://big-boobs.blogterest.net/page/27013/,,
893,http://big-boobs.blogterest.net/page/26903/,,
894,http://big-boobs.blogterest.net/page/26910/,,
895,http://big-boobs.blogterest.net/page/26909/,,
896,http://big-boobs.blogterest.net/page/26907/,,
897,http://big-boobs.blogterest.net/page/26906/,,
898,http://big-boobs.blogterest.net/page/26905/,,
899,http://big-boobs.blogterest.net/page/26904/,,
900,http://big-boobs.blogterest.net/page/26901/,,
901,http://big-boobs.blogterest.net/page/26900/,,
902,http://big-boobs.blogterest.net/page/26899/,,
903,http://big-boobs.blogterest.net/page/27012/,,
904,http://big-boobs.blogterest.net/page/26897/,,
905,http://big-boobs.blogterest.net/page/26986/,,
906,http://big-boobs.blogterest.net/page/26839/,,
907,http://big-boobs.blogterest.net/page/26848/,,
908,http://big-boobs.blogterest.net/page/26838/,,
909,http://big-boobs.blogterest.net/page/26870/,,
910,http://big-boobs.blogterest.net/page/26600/,,
911,http://big-boobs.blogterest.net/page/26872/,,
912,http://big-boobs.blogterest.net/page/26873/,,
913,http://big-boobs.blogterest.net/page/26875/,,
914,http://big-boobs.blogterest.net/page/26878/,,
915,http://big-boobs.blogterest.net/page/26990/,,
916,http://big-boobs.blogterest.net/page/26877/,,
917,http://big-boobs.blogterest.net/page/26874/,,
918,http://big-boobs.blogterest.net/page/26993/,,
919,http://big-boobs.blogterest.net/page/26883/,,
920,http://big-boobs.blogterest.net/page/26882/,,
921,http://big-boobs.blogterest.net/page/26881/,,
922,http://big-boobs.blogterest.net/page/26984/,,
923,http://big-boobs.blogterest.net/page/26880/,,
924,http://big-boobs.blogterest.net/page/26879/,,
925,http://big-boobs.blogterest.net/page/26876/,,
926,http://big-boobs.blogterest.net/page/26871/,,
927,http://big-boobs.blogterest.net/page/26869/,,
928,http://big-boobs.blogterest.net/page/26868/,,
929,http://big-boobs.blogterest.net/page/26867/,,
930,http://big-boobs.blogterest.net/page/24564/,,
931,http://big-boobs.blogterest.net/page/26985/,,
932,http://big-boobs.blogterest.net/page/26991/,,
933,http://big-boobs.blogterest.net/page/26996/,,
934,http://big-boobs.blogterest.net/page/26997/,,
935,http://big-boobs.blogterest.net/page/26858/,,
936,http://big-boobs.blogterest.net/page/26861/,,
937,http://big-boobs.blogterest.net/page/26860/,,
938,http://big-boobs.blogterest.net/page/26859/,,
939,http://big-boobs.blogterest.net/page/26856/,,
940,http://big-boobs.blogterest.net/page/26889/,,
941,http://big-boobs.blogterest.net/page/26866/,,
942,http://big-boobs.blogterest.net/page/26865/,,
943,http://big-boobs.blogterest.net/page/20506/,ヘンリー塚本 私、アレが大好きな絶倫男と再婚しました 40才主婦 三浦恵理子 辺見麻衣,
944,http://big-boobs.blogterest.net/page/26862/,,
945,http://big-boobs.blogterest.net/page/26864/,,
946,http://big-boobs.blogterest.net/page/26863/,,
947,http://big-boobs.blogterest.net/page/26857/,,
948,http://big-boobs.blogterest.net/page/13422/,菊川みつ葉 初ガチイキ！外でも中でも何度もイキまくり大絶頂SEX,
949,http://big-boobs.blogterest.net/page/23039/,激イキ92回！痙攣3600回！イキ潮2300cc！国民的アイドル エロス覚醒 はじめての大・痙・攣スペシャル 三上悠亜,
950,http://big-boobs.blogterest.net/page/26758/,軟派即日セックス Mさん（21歳）銀行員,
951,http://big-boobs.blogterest.net/page/24186/,,
952,http://big-boobs.blogterest.net/page/26845/,,
953,http://big-boobs.blogterest.net/page/25531/,某県某所のおっぱぶ店では店長に内緒ですぐに客のチ●コをしゃぶってはすぐにハメたがるどスケベおっぱぶ嬢が急増中とのこと！！実際に噂は本当なのか！？徹底調査！！,
954,http://big-boobs.blogterest.net/page/24958/,,
955,http://big-boobs.blogterest.net/page/26734/,ふみか マジックミラー号でおっぱいモミモミインタビュー「最後にHしたのですか…おとといです・・」,
956,http://big-boobs.blogterest.net/page/23321/,湊莉久の凄テクを我慢できれば生★中出しSEX！,
957,http://big-boobs.blogterest.net/page/22325/,女子大生限定 飲み会後、部屋に連れ込み盗撮 そして黙ってAVへ no.15 年上爆乳お姉さん編 香織/Gカップ/21才 さやか/Fカップ/21才,
958,http://big-boobs.blogterest.net/page/22766/,女子大生限定 合コン後、お持ち帰り盗撮 そして黙ってAVへ no.7 W爆乳編 みさき/爆乳Jカップ/女子大生/21才 りん/爆乳Jカップ/女子大生/21才,
959,http://big-boobs.blogterest.net/page/25677/,ボクだけのご奉仕メイド 吉永あかね,
960,http://big-boobs.blogterest.net/page/26704/,,
961,http://big-boobs.blogterest.net/page/25904/,「童貞くんのオナニーのお手伝いしてくれませんか…」 海で声を掛けた心優しい専門学生・大学生・OL・人妻さんがマジックミラー号で童貞くんを赤面筆おろし！2,
962,http://big-boobs.blogterest.net/page/23501/,本番禁止の都内有名デリヘルでただ口説いてヤルだけじゃ収まらない！ぎらついた男たちがデリヘル嬢に生中出しするまで コスプレデリヘル集8,
963,http://big-boobs.blogterest.net/page/24622/,競技歴14年！インターハイ入賞！しなやかで引き締まった筋肉Hcupボディ！現役スプリント選手 AVデビュー！ 佐々木ゆい,
964,http://big-boobs.blogterest.net/page/23268/,本番禁止の都内有名デリヘルでただ口説いてヤルだけじゃ収まらない！ぎらついた男たちがデリヘル嬢に生中出しするまで コスプレデリヘル集8,
965,http://big-boobs.blogterest.net/page/26812/,,
966,http://big-boobs.blogterest.net/page/26811/,,
967,http://big-boobs.blogterest.net/page/21623/,「ちょっと！早くしめて下さい！！」浴室の扉をあけたら入浴中の女の子に遭遇して無垢なカラダに勃起を抑えられず…,
968,http://big-boobs.blogterest.net/page/26273/,マジックミラー号 胸元から覗くキレイな鎖骨！‘おとな可愛い’オフショル女子の敏感美乳をこねくり回すオイルたっぷりリンパマッサージ！火照ったカラダで超高感度なおマ○コがビン勃ちチ○ポでイキまくる！10人6本番！in池袋,
969,http://big-boobs.blogterest.net/page/25513/,「カップル限定」マジックミラー号の中で、自慢の彼女を「寝とって」真正中出し！ 12,
970,http://big-boobs.blogterest.net/page/26979/,,
971,http://big-boobs.blogterest.net/page/24203/,そこのお姉さん！ボクらと男気野球拳しませんか！！ただの野球拳…ではなくパンイチ姿からスタートする賞金をかけた真剣勝負！すぐに負けて男らしく丸裸になるフルチンボーイズ！チ○ポを見たノリの良い素人娘たちはいったいどこまでヤラせてくれるのか！？,
972,http://big-boobs.blogterest.net/page/26813/,,
973,http://big-boobs.blogterest.net/page/26855/,,
974,http://big-boobs.blogterest.net/page/26854/,,
975,http://big-boobs.blogterest.net/page/26853/,,
976,http://big-boobs.blogterest.net/page/26852/,,
977,http://big-boobs.blogterest.net/page/26851/,,
978,http://big-boobs.blogterest.net/page/26850/,,
979,http://big-boobs.blogterest.net/page/26810/,,
980,http://big-boobs.blogterest.net/page/26809/,,
981,http://big-boobs.blogterest.net/page/23960/,炊事・洗濯・性欲処理 10人息子と連続SEX朝生活 絶倫マセガキvsギャルママ編 AIKA,
982,http://big-boobs.blogterest.net/page/26778/,,
983,http://big-boobs.blogterest.net/page/24810/,むっつりスケベ文系女子のねっとり追い打ち中出しソープランド 深田えいみ,
984,http://big-boobs.blogterest.net/page/24495/,,
985,http://big-boobs.blogterest.net/page/24629/,AVデビュー 松岡ちな,
986,http://big-boobs.blogterest.net/page/25325/,,
987,http://big-boobs.blogterest.net/page/23190/,小悪魔挑発ギャル,
988,http://big-boobs.blogterest.net/page/25936/,軟派即日セックス Nさん（22歳） ナース,
989,http://big-boobs.blogterest.net/page/22945/,女子大生限定 飲み会後、部屋に連れ込み盗撮 そして黙ってAVへ no.15 年上爆乳お姉さん編 香織/Gカップ/21才 さやか/Fカップ/21才,
990,http://big-boobs.blogterest.net/page/13867/,新人NO.1STYLE グラビアアイドル吉高寧々AV解禁,
991,http://big-boobs.blogterest.net/page/24535/,昨日までは、優等生。清く淫らな制服エッチ,
992,http://big-boobs.blogterest.net/page/26212/,美人で照れ屋なボクの彼女がなんとも嬉しい宅コスレイヤーだった！？コスプレえいみのえちえちしちゃうぞ！！ 深田えいみ,
993,http://big-boobs.blogterest.net/page/26452/,性を貪る痴女ナース 深田えいみ,
994,http://big-boobs.blogterest.net/page/25926/,,
995,http://big-boobs.blogterest.net/page/26779/,,
996,http://big-boobs.blogterest.net/page/24362/,奪われた僕の彼女「オマエの彼女ヤラせろよ！」目の前で寝取られ犯される美裸体… 桃乃木かな,
997,http://big-boobs.blogterest.net/page/26777/,,
998,http://big-boobs.blogterest.net/page/26776/,,
999,http://big-boobs.blogterest.net/page/26775/,,
1000,http://big-boobs.blogterest.net/page/26369/,,
1001,http://big-boobs.blogterest.net/page/26808/,,
1002,http://big-boobs.blogterest.net/page/26807/,,
1003,http://big-boobs.blogterest.net/page/26806/,,
1004,http://big-boobs.blogterest.net/page/26805/,,
1005,http://big-boobs.blogterest.net/page/26783/,,
1006,http://big-boobs.blogterest.net/page/26782/,,
1007,http://big-boobs.blogterest.net/page/26781/,,
1008,http://big-boobs.blogterest.net/page/26780/,,
1009,http://big-boobs.blogterest.net/page/23471/,ガチナンパ！池袋産直！ ウブ女子大生に絶倫童貞くんが筆下しのお願い！激鬼ピストンで感度急上昇の敏感マ○コはイキっぱ理性崩壊！,
1010,http://big-boobs.blogterest.net/page/24462/,グイングインと跨る進化系グラインド騎乗位4本番 初川みなみ,
1011,http://big-boobs.blogterest.net/page/24153/,,
1012,http://big-boobs.blogterest.net/page/26707/,,
1013,http://big-boobs.blogterest.net/page/25950/,,
1014,http://big-boobs.blogterest.net/page/22659/,エッチしてる時もしてない時もず〜っと乳首を責めてくるエスちゃんとの乳首コリコリされっぱなし同棲生活 深田えいみ,
1015,http://big-boobs.blogterest.net/page/26657/,,
1016,http://big-boobs.blogterest.net/page/25318/,,
1017,http://big-boobs.blogterest.net/page/20501/,ヘンリー塚本 私、アレが大好きな絶倫男と再婚しました 40才主婦 三浦恵理子 辺見麻衣,
1018,http://big-boobs.blogterest.net/page/25210/,,
1019,http://big-boobs.blogterest.net/page/25856/,生中出し若妻ナンパ18！,
1020,http://big-boobs.blogterest.net/page/22660/,エッチしてる時もしてない時もず〜っと乳首を責めてくるエスちゃんとの乳首コリコリされっぱなし同棲生活 深田えいみ,
1021,http://big-boobs.blogterest.net/page/25591/,ガチンコ中出し！顔出し！人妻ナンパ 〜田町・芝浦の淫乱セレブ人妻がイキまくり〜,
1022,http://big-boobs.blogterest.net/page/25906/,「童貞くんのオナニーのお手伝いしてくれませんか…」 海で声を掛けた心優しい専門学生・大学生・OL・人妻さんがマジックミラー号で童貞くんを赤面筆おろし！2,
1023,http://big-boobs.blogterest.net/page/26158/,マジックミラー号 海水浴場で見つけた夏休み中の友達同士の男女が「素股マッサージ」体験 初めて触れ合うチ○ポとマ○コは火が付いて、そのまま生挿入真正中出し！2,
1024,http://big-boobs.blogterest.net/page/26203/,シェア彼女 恋愛禁止のシェアハウスに男を狂わす魔性の女子大生が入居！！ 深田えいみ,
1025,http://big-boobs.blogterest.net/page/26711/,,
1026,http://big-boobs.blogterest.net/page/26742/,,
1027,http://big-boobs.blogterest.net/page/26744/,,
1028,http://big-boobs.blogterest.net/page/26745/,,
1029,http://big-boobs.blogterest.net/page/26746/,,
1030,http://big-boobs.blogterest.net/page/26926/,,
1031,http://big-boobs.blogterest.net/page/26747/,,
1032,http://big-boobs.blogterest.net/page/26749/,,
1033,http://big-boobs.blogterest.net/page/26750/,,
1034,http://big-boobs.blogterest.net/page/26753/,,
1035,http://big-boobs.blogterest.net/page/26752/,,
1036,http://big-boobs.blogterest.net/page/26751/,,
1037,http://big-boobs.blogterest.net/page/26748/,,
1038,http://big-boobs.blogterest.net/page/26743/,,
1039,http://big-boobs.blogterest.net/page/23781/,ガチナンパ！池袋産直！ ウブ女子大生に絶倫童貞くんが筆下しのお願い！激鬼ピストンで感度急上昇の敏感マ○コはイキっぱ理性崩壊！,
1040,http://big-boobs.blogterest.net/page/25824/,ディープス女子社員・駒場シェリー監督のプライベートAV 地元の女友達と自宅で2泊3日の密着撮影「親友のAVデビューを私が撮りました（=＾・ω・＾=）」友達だからこそ撮れた初めての恥じらい童貞筆おろしSEX,
1041,http://big-boobs.blogterest.net/page/26849/,,
1042,http://big-boobs.blogterest.net/page/26705/,,
1043,http://big-boobs.blogterest.net/page/22749/,私痴漢バスに乗ります。 夫には言えないふしだらな欲望痴漢強姦魔に無言で生中出しされる人妻 湊莉久,
1044,http://big-boobs.blogterest.net/page/26568/,,
1045,http://big-boobs.blogterest.net/page/26841/,,
1046,http://big-boobs.blogterest.net/page/25870/,マジックミラー号「早漏に悩む男性の暴発改善のお手伝いしてくれませんか？」街中で声をかけた押しに弱い心優しい社会人1年目のお嬢さんが敏感チ●ポを励まし互いに何度も気持ちよくなる連続射精SEX！！4,
1047,http://big-boobs.blogterest.net/page/26536/,美乳がチラリ 葵つかさ,
1048,http://big-boobs.blogterest.net/page/12049/,ゆうな（20）女子大生 マジックミラー号 アヒル口がチャームポイントのクール美女に即ハメ！,
1049,http://big-boobs.blogterest.net/page/26566/,,
1050,http://big-boobs.blogterest.net/page/24482/,可愛い女子社員と相部屋宿泊 スーツを脱いだら綺麗なおっぱい！締まったくびれ！プリプリのお尻！無防備に寝ている女と密室に二人きりで股間の疼きが止まらない！,
1051,http://big-boobs.blogterest.net/page/25287/,日焼けあと残る女子校生の妹たちが夏だからって童貞の僕に子作り中出しSEXをせがんでくる 佳苗るか 霧島さくら あおいれな,
1052,http://big-boobs.blogterest.net/page/26724/,マジックミラー号 胸元から覗くキレイな鎖骨！‘おとな可愛い’オフショル女子の敏感美乳をこねくり回すオイルたっぷりリンパマッサージ！火照ったカラダで超高感度なおマ○コがビン勃ちチ○ポでイキまくる！10人6本番！in池袋,
1053,http://big-boobs.blogterest.net/page/25510/,「カップル限定」マジックミラー号の中で、自慢の彼女を「寝とって」真正中出し！ 12,
1054,http://big-boobs.blogterest.net/page/10520/,マジックミラー号 新社会人男子のおち○ちんの悩みを心優しい現役看護学生が素股解消！ 暴発射精して白濁ザーメンまみれになった生チ○ポをそのままこすり続けたらヌルっとマ○コに挿ってそのまま真正中出し！！,
1055,http://big-boobs.blogterest.net/page/26673/,,
1056,http://big-boobs.blogterest.net/page/23586/,ザ・マジックミラー 顔出し！働く美女限定 街頭調査！職場の同僚と日本一エロ～い車の中で2人っきり 理性と性欲どちらが勝つのか！？同じオフィスで働く男女に突然のSEX交渉！！人生初の真正中出しスペシャル！ 6 in池袋,
1057,http://big-boobs.blogterest.net/page/25883/,びちゃびちゃWパイパン潮吹き！ 上原亜衣 このは,
1058,http://big-boobs.blogterest.net/page/26676/,,
1059,http://big-boobs.blogterest.net/page/26675/,,
1060,http://big-boobs.blogterest.net/page/26714/,,
1061,http://big-boobs.blogterest.net/page/26741/,,
1062,http://big-boobs.blogterest.net/page/26740/,,
1063,http://big-boobs.blogterest.net/page/26847/,,
1064,http://big-boobs.blogterest.net/page/26846/,,
1065,http://big-boobs.blogterest.net/page/26844/,,
1066,http://big-boobs.blogterest.net/page/26738/,,
1067,http://big-boobs.blogterest.net/page/26678/,,
1068,http://big-boobs.blogterest.net/page/26677/,,
1069,http://big-boobs.blogterest.net/page/26674/,,
1070,http://big-boobs.blogterest.net/page/26672/,,
1071,http://big-boobs.blogterest.net/page/19032/,,
1072,http://big-boobs.blogterest.net/page/26843/,,
1073,http://big-boobs.blogterest.net/page/25882/,びちゃびちゃWパイパン潮吹き！ 上原亜衣 このは,
1074,http://big-boobs.blogterest.net/page/24069/,,
1075,http://big-boobs.blogterest.net/page/26090/,性感エステ×フルコース 10コーナー240分SP 紗倉まな,
1076,http://big-boobs.blogterest.net/page/26837/,,
1077,http://big-boobs.blogterest.net/page/22114/,【VR】SODstar × SODVR 3D 憧れのstar女優市川まさみ、桐谷まつり、飛鳥りん、古川いおりの4人全員が’アナタ’に甘えてずっーと密着おねだりキス 究極のラブラブハーレムSEX全員挿入スペシャル！最後は中に出してね,
1078,http://big-boobs.blogterest.net/page/23729/,文系女子が風俗で出てきて想像以上のテクでヌカれまくった件。 深田えいみ,
1079,http://big-boobs.blogterest.net/page/26092/,超高級新人ソープ嬢 紗倉まな,
1080,http://big-boobs.blogterest.net/page/26842/,,
1081,http://big-boobs.blogterest.net/page/26365/,ビキニナイト2015 媚薬泡パーティー 潜入！！泡に隠れて生ハメ中出ししても超ヤバい勢いで盛り上がるギャルたち！,
1082,http://big-boobs.blogterest.net/page/26840/,,
1083,http://big-boobs.blogterest.net/page/25534/,某県某所のおっぱぶ店では店長に内緒ですぐに客のチ●コをしゃぶってはすぐにハメたがるどスケベおっぱぶ嬢が急増中とのこと！！実際に噂は本当なのか！？徹底調査！！,
1084,http://big-boobs.blogterest.net/page/26640/,,
1085,http://big-boobs.blogterest.net/page/23320/,湊莉久の凄テクを我慢できれば生★中出しSEX！,
1086,http://big-boobs.blogterest.net/page/26669/,,
1087,http://big-boobs.blogterest.net/page/26670/,,
1088,http://big-boobs.blogterest.net/page/26671/,,
1089,http://big-boobs.blogterest.net/page/26368/,,
1090,http://big-boobs.blogterest.net/page/26044/,通学バスでコートを着たまま痴漢され火照った身体で（汗、愛液、涙、潮、涎）体液まみれでイキまくる○学生,
1091,http://big-boobs.blogterest.net/page/12841/,本番無しのデリヘルで昔俺をバカにしていた同級生の巨乳ギャルを発見…自宅に呼び出して盗撮映像をネタに本番を強要し性感開発中出し調教 SARA,
1092,http://big-boobs.blogterest.net/page/25655/,会社の同僚の無防備な生肌に思わずチ○ポが反応！のぞき込んだら思わぬ巨乳で勃起の第二波が…拒否られたら気まずいと思いつつ勃起を見せつけて迫ったら拒まないので微妙な距離感と背徳感でヤバいほど興奮したまま生ハメ！,
1093,http://big-boobs.blogterest.net/page/26641/,,
1094,http://big-boobs.blogterest.net/page/26639/,,
1095,http://big-boobs.blogterest.net/page/26638/,,
1096,http://big-boobs.blogterest.net/page/26637/,,
1097,http://big-boobs.blogterest.net/page/26636/,,
1098,http://big-boobs.blogterest.net/page/24321/,この女、生意気だからレイプしてよ。 女子大生強姦計画 深田えいみ,
1099,http://big-boobs.blogterest.net/page/20522/,S1ファン感謝祭 葵つかさのS級テクニックに我慢できたらガチSEX,
1100,http://big-boobs.blogterest.net/page/23854/,ガチナンパ！池袋産直！ イキッぱ素人女子にお構いなしに止めない奥突きピストン！18射精！で金玉すっからかん…,
1101,http://big-boobs.blogterest.net/page/25323/,ラグジュOL ランチタイムにAV出演する働くオンナたち VOL.001,
1102,http://big-boobs.blogterest.net/page/25997/,,
1103,http://big-boobs.blogterest.net/page/26325/,,
1104,http://big-boobs.blogterest.net/page/25675/,素敵なカノジョ 吉永あかね Iカップ爆乳美女の潮吹きパイズリ絶叫中出しせっくす,
1105,http://big-boobs.blogterest.net/page/25332/,,
1106,http://big-boobs.blogterest.net/page/25590/,ガチンコ中出し！顔出し！人妻ナンパ 〜田町・芝浦の淫乱セレブ人妻がイキまくり〜,
1107,http://big-boobs.blogterest.net/page/26045/,通学バスでコートを着たまま痴漢され火照った身体で（汗、愛液、涙、潮、涎）体液まみれでイキまくる○学生,
1108,http://big-boobs.blogterest.net/page/24805/,私、実は夫の上司に犯され続けてます… 深田えいみ,
1109,http://big-boobs.blogterest.net/page/26532/,,
1110,http://big-boobs.blogterest.net/page/24025/,いきなりSEX えっ？ノーカットですか？事前周知なしでハメまくりシリーズ完全復活！！ 桃乃木かな,
1111,http://big-boobs.blogterest.net/page/26326/,そこのミニスカ美脚お嬢さん！童貞くんのSEXの練習相手になってください。ドキドキ素股だけのはずがヌプっと入って優しく中出し筆おろし！3,
1112,http://big-boobs.blogterest.net/page/26570/,マジックミラー号がイク！！童貞クンいらっしゃい（ハート）筆下ろし逆ナンパ 紗倉まな,
1113,http://big-boobs.blogterest.net/page/24103/,出張先の温泉旅館で女上司と酒を飲んでいたらお説教に！次第に酔っ払ってきた女上司の浴衣が乱れノーブラ生爆乳が丸見え！当然、勃起してしまい… 2,
1114,http://big-boobs.blogterest.net/page/26531/,,
1115,http://big-boobs.blogterest.net/page/26530/,,
1116,http://big-boobs.blogterest.net/page/26529/,,
1117,http://big-boobs.blogterest.net/page/26528/,,
1118,http://big-boobs.blogterest.net/page/24563/,,
1119,http://big-boobs.blogterest.net/page/26716/,,
1120,http://big-boobs.blogterest.net/page/24891/,顔出し解禁！！ マジックミラー便 全員38歳over！年齢を感じさせない美しい人妻さん 初めての公開ディープキス編 若い男子との濃厚接吻で久しぶりに熱くトロけてしまったオマ○コは青年の硬いデカチ○ポが欲しくてたまらない！！ in白金＆恵比寿,
1121,http://big-boobs.blogterest.net/page/26534/,,
1122,http://big-boobs.blogterest.net/page/18115/,確実に童貞を悩殺する欲求不満な人妻の日常 佐々木あき,
1123,http://big-boobs.blogterest.net/page/26569/,,
1124,http://big-boobs.blogterest.net/page/26635/,,
1125,http://big-boobs.blogterest.net/page/26634/,,
1126,http://big-boobs.blogterest.net/page/26633/,,
1127,http://big-boobs.blogterest.net/page/26632/,,
1128,http://big-boobs.blogterest.net/page/26533/,,
1129,http://big-boobs.blogterest.net/page/20689/,国民的アイドルいきなり即ハメドッキリ4本番 いつでも即合体、どこでも即絶頂 三上悠亜,
1130,http://big-boobs.blogterest.net/page/26739/,,
1131,http://big-boobs.blogterest.net/page/26706/,,
1132,http://big-boobs.blogterest.net/page/20037/,エビ反り媚薬マッサージ 吉沢明歩,
1133,http://big-boobs.blogterest.net/page/24311/,僕を助けてくれる幼なじみがいじめっこに犯されているのを見て勃起した 深田えいみ,
1134,http://big-boobs.blogterest.net/page/22384/,大きな乳と小さな体 澁谷果歩 byにしくん,
1135,http://big-boobs.blogterest.net/page/22383/,大きな乳と小さな体 澁谷果歩 byにしくん,
1136,http://big-boobs.blogterest.net/page/24231/,こたつの中だからと安心して無防備な格好をしている大人しそうな女の子にこっそりイタズラを。周りに誰かがいて声を出せない状況に、パンツが濡れるほど興奮した彼女はビショビショに濡れたオマ○コを僕に…,
1137,http://big-boobs.blogterest.net/page/24841/,腰ガク尻ブル痙攣中出しトランス 湊莉久,
1138,http://big-boobs.blogterest.net/page/26020/,,
1139,http://big-boobs.blogterest.net/page/26708/,,
1140,http://big-boobs.blogterest.net/page/22578/,桐嶋りのの凄テクを我慢できれば生中出しSEX！,
1141,http://big-boobs.blogterest.net/page/26475/,,
1142,http://big-boobs.blogterest.net/page/24293/,女子大生限定 マジックミラー号 徹底検証！男女の友情は成立する！？ 友達関係のリアル素人大学生が日本一エロ〜い車MM号の中で二人っきり◆ 4 in池袋,
1143,http://big-boobs.blogterest.net/page/26396/,美乳がチラリ 葵つかさ,
1144,http://big-boobs.blogterest.net/page/26330/,和服美人の誘惑 葵つかさ,
1145,http://big-boobs.blogterest.net/page/26525/,,
1146,http://big-boobs.blogterest.net/page/26526/,,
1147,http://big-boobs.blogterest.net/page/26221/,,
1148,http://big-boobs.blogterest.net/page/26715/,,
1149,http://big-boobs.blogterest.net/page/26524/,,
1150,http://big-boobs.blogterest.net/page/26523/,,
1151,http://big-boobs.blogterest.net/page/26581/,マジックミラー号 女子大生限定！ 海水浴場で見つけた初対面男女がミラー号混浴温泉初体験！！ お互いの裸を見せ合い素股マッサージで我を忘れた2人は出会ったばっかりなのに生挿入真正中出しまでしてしまうのか！？,
1152,http://big-boobs.blogterest.net/page/25999/,,
1153,http://big-boobs.blogterest.net/page/23727/,文系女子が風俗で出てきて想像以上のテクでヌカれまくった件。 深田えいみ,
1154,http://big-boobs.blogterest.net/page/13421/,菊川みつ葉 初ガチイキ！外でも中でも何度もイキまくり大絶頂SEX,
1155,http://big-boobs.blogterest.net/page/26223/,,
1156,http://big-boobs.blogterest.net/page/24199/,そこのお姉さん！ボクらと男気野球拳しませんか！！ただの野球拳…ではなくパンイチ姿からスタートする賞金をかけた真剣勝負！すぐに負けて男らしく丸裸になるフルチンボーイズ！チ○ポを見たノリの良い素人娘たちはいったいどこまでヤラせてくれるのか！？,
1157,http://big-boobs.blogterest.net/page/22369/,デリバリーSEX アナタの自宅に立花はるみをお届けします,
1158,http://big-boobs.blogterest.net/page/22248/,マジックミラー号「早漏に悩む男性の暴発改善のお手伝いしてくれませんか？」街中で声をかけた押しに弱い心優しい社会人1年目のお嬢さんが敏感チ●ポを励まし互いに何度も気持ちよくなる連続射精SEX！！4,
1159,http://big-boobs.blogterest.net/page/26733/,ふみか マジックミラー号でおっぱいモミモミインタビュー「最後にHしたのですか…おとといです・・」,
1160,http://big-boobs.blogterest.net/page/26344/,海岸デカチンナンパ ビキニギャルが大興奮でイキまくりDX,
1161,http://big-boobs.blogterest.net/page/15358/,ボクらのオタサーの姫は萌え豚専用性処理ドMペット！ 桃乃木かな,
1162,http://big-boobs.blogterest.net/page/25687/,ザ・マジックミラー 顔出し！女子大生限定 乗車人数増量で400分の徹底調査スペシャル！友達同士2人っきりで初めての混浴温泉 じわじわ湧き出る性欲で男と女は友情という垣根を超えてしまうのか！？ 3 in池袋,
1163,http://big-boobs.blogterest.net/page/25780/,天然美少女ニューハーフ Debut 泉水らん,
1164,http://big-boobs.blogterest.net/page/26171/,,
1165,http://big-boobs.blogterest.net/page/22673/,小倉由菜 AV Debut,
1166,http://big-boobs.blogterest.net/page/25676/,ボクだけのご奉仕メイド 吉永あかね,
1167,http://big-boobs.blogterest.net/page/24729/,欲求腐満子 みひな（22歳） カラダが敏感すぎて男の人に引かれます。だからいつも自分を抑えてセックスしてます。一度、自分を解放して100回ぐらいイッてみたいんでお願いできますか？,
1168,http://big-boobs.blogterest.net/page/24957/,,
1169,http://big-boobs.blogterest.net/page/24957/,,
1170,http://big-boobs.blogterest.net/page/25774/,精子、全部飲む。 紗倉まな,
1171,http://big-boobs.blogterest.net/page/24185/,,
1172,http://big-boobs.blogterest.net/page/22324/,女子大生限定 飲み会後、部屋に連れ込み盗撮 そして黙ってAVへ no.15 年上爆乳お姉さん編 香織/Gカップ/21才 さやか/Fカップ/21才,
1173,http://big-boobs.blogterest.net/page/25972/,,
1174,http://big-boobs.blogterest.net/page/26363/,ビキニナイト2015 媚薬泡パーティー 潜入！！泡に隠れて生ハメ中出ししても超ヤバい勢いで盛り上がるギャルたち！,
1175,http://big-boobs.blogterest.net/page/26474/,,
1176,http://big-boobs.blogterest.net/page/26477/,,
1177,http://big-boobs.blogterest.net/page/26480/,,
1178,http://big-boobs.blogterest.net/page/26476/,,
1179,http://big-boobs.blogterest.net/page/25324/,ラグジュOL ランチタイムにAV出演する働くオンナたち VOL.001,
1180,http://big-boobs.blogterest.net/page/26438/,,
1181,http://big-boobs.blogterest.net/page/26502/,,
1182,http://big-boobs.blogterest.net/page/26501/,,
1183,http://big-boobs.blogterest.net/page/22431/,成熟した姉の裸に触れた童貞弟はイケない事と知りつつもチ○ポを勃起させて「禁断の近親相姦」してしまうのか！？ 3,
1184,http://big-boobs.blogterest.net/page/26713/,,
1185,http://big-boobs.blogterest.net/page/22715/,,
1186,http://big-boobs.blogterest.net/page/26712/,,
1187,http://big-boobs.blogterest.net/page/26479/,,
1188,http://big-boobs.blogterest.net/page/26478/,,
1189,http://big-boobs.blogterest.net/page/26709/,,
1190,http://big-boobs.blogterest.net/page/26472/,,
1191,http://big-boobs.blogterest.net/page/13866/,新人NO.1STYLE グラビアアイドル吉高寧々AV解禁,
1192,http://big-boobs.blogterest.net/page/26710/,,
1193,http://big-boobs.blogterest.net/page/22228/,ナンパ連れ込みSEX隠し撮り・そのまま勝手にAV発売。する元芸人 Vol.4,
1194,http://big-boobs.blogterest.net/page/24534/,,
1195,http://big-boobs.blogterest.net/page/24773/,身長172cm高身長黒ギャル小さいオヤジ狩り ARIA,
1196,http://big-boobs.blogterest.net/page/23443/,「想像しただけで濡れちゃいます…」小倉由菜のHな妄想を叶える4本番,
1197,http://big-boobs.blogterest.net/page/26211/,,
1198,http://big-boobs.blogterest.net/page/22616/,遂に流出！国民的アイドルの熱愛スキャンダル動画 密着32日、三上悠亜の生々しいキス、フェラ、セックス…完全プライベートSEX映像一部始終,
1199,http://big-boobs.blogterest.net/page/23500/,本番禁止の都内有名デリヘルでただ口説いてヤルだけじゃ収まらない！ぎらついた男たちがデリヘル嬢に生中出しするまで コスプレデリヘル集8,
1200,http://big-boobs.blogterest.net/page/23189/,小悪魔挑発ギャル,
1201,http://big-boobs.blogterest.net/page/22227/,ナンパ連れ込みSEX隠し撮り・そのまま勝手にAV発売。する元芸人 Vol.4,
1202,http://big-boobs.blogterest.net/page/24494/,,
1203,http://big-boobs.blogterest.net/page/26451/,性を貪る痴女ナース 深田えいみ,
1204,http://big-boobs.blogterest.net/page/23594/,マジックミラー号 街で見つけた10代美少女に童貞のフリした絶倫男が激ピストン！！何度イっても無視しガン突き再開！イったあとのマ○コはキュッと締まってエビ反り真正中出し2,
1205,http://big-boobs.blogterest.net/page/26434/,,
1206,http://big-boobs.blogterest.net/page/26435/,,
1207,http://big-boobs.blogterest.net/page/26436/,,
1208,http://big-boobs.blogterest.net/page/26437/,,
1209,http://big-boobs.blogterest.net/page/26601/,,
1210,http://big-boobs.blogterest.net/page/26470/,,
1211,http://big-boobs.blogterest.net/page/26471/,,
1212,http://big-boobs.blogterest.net/page/26469/,,
1213,http://big-boobs.blogterest.net/page/26468/,,
1214,http://big-boobs.blogterest.net/page/24955/,むっつりスケベ文系女子のねっとり追い打ち中出しソープランド 深田えいみ,
1215,http://big-boobs.blogterest.net/page/26340/,,
1216,http://big-boobs.blogterest.net/page/26210/,美人で照れ屋なボクの彼女がなんとも嬉しい宅コスレイヤーだった！？コスプレえいみのえちえちしちゃうぞ！！ 深田えいみ,
1217,http://big-boobs.blogterest.net/page/25286/,日焼けあと残る女子校生の妹たちが夏だからって童貞の僕に子作り中出しSEXをせがんでくる 佳苗るか 霧島さくら あおいれな,
1218,http://big-boobs.blogterest.net/page/14410/,ボクらのオタサーの姫は萌え豚専用性処理ドMペット！ 西宮ゆめ,
1219,http://big-boobs.blogterest.net/page/21901/,山手沿線駅前中出し人妻ナンパ 目白・池袋で見つけたハニカミ美人巨乳妻を口説きおとす！,
1220,http://big-boobs.blogterest.net/page/26580/,マジックミラー号 女子大生限定！ 海水浴場で見つけた初対面男女がミラー号混浴温泉初体験！！ お互いの裸を見せ合い素股マッサージで我を忘れた2人は出会ったばっかりなのに生挿入真正中出しまでしてしまうのか！？,
1221,http://big-boobs.blogterest.net/page/26664/,彼女の妹に愛されすぎてこっそり子作り性活 深田えいみ,
1222,http://big-boobs.blogterest.net/page/23440/,「想像しただけで濡れちゃいます…」小倉由菜のHな妄想を叶える4本番,
1223,http://big-boobs.blogterest.net/page/26656/,可愛い女子社員と相部屋宿泊 スーツを脱いだら綺麗なおっぱい！締まったくびれ！プリプリのお尻！無防備に寝ている女と密室に二人きりで股間の疼きが止まらない！2,
1224,http://big-boobs.blogterest.net/page/24152/,両親の居ない日、僕は妹と精子が枯れるまで1日中ヤリまくった。 姫川ゆうな,
1225,http://big-boobs.blogterest.net/page/24617/,競技歴14年！インターハイ入賞！しなやかで引き締まった筋肉Hcupボディ！現役スプリント選手 AVデビュー！ 佐々木ゆい,
1226,http://big-boobs.blogterest.net/page/23856/,ガチナンパ！池袋産直！ イキッぱ素人女子にお構いなしに止めない奥突きピストン！18射精！で金玉すっからかん…,
1227,http://big-boobs.blogterest.net/page/26202/,シェア彼女 恋愛禁止のシェアハウスに男を狂わす魔性の女子大生が入居！！ 深田えいみ,
1228,http://big-boobs.blogterest.net/page/25225/,三軒●屋で見つけた介護学生あかりちゃん（仮名）20才 大量潮吹きしちゃう敏感体質が嫌でSEXを拒み続けていたイキ潮ダダ漏れ娘がまさかのAVデビュー！ ナンパJAPAN EXPRESS Vol.56,
1229,http://big-boobs.blogterest.net/page/25962/,,
1230,http://big-boobs.blogterest.net/page/24461/,グイングインと跨る進化系グラインド騎乗位4本番 初川みなみ,
1231,http://big-boobs.blogterest.net/page/25004/,マセガキ少年団の母乳ママ狩り 〜出産直後の敏感な身体を子●チ●ポにイタズラされ止まらない噴射母乳〜 敷根まほ,
1232,http://big-boobs.blogterest.net/page/25602/,,
1233,http://big-boobs.blogterest.net/page/23409/,高橋しょう子と一泊二日温泉に行きませんか？,
1234,http://big-boobs.blogterest.net/page/26116/,,
1235,http://big-boobs.blogterest.net/page/26324/,,
1236,http://big-boobs.blogterest.net/page/25881/,,
1237,http://big-boobs.blogterest.net/page/26405/,,
1238,http://big-boobs.blogterest.net/page/26403/,,
1239,http://big-boobs.blogterest.net/page/26603/,,
1240,http://big-boobs.blogterest.net/page/26433/,,
1241,http://big-boobs.blogterest.net/page/26432/,,
1242,http://big-boobs.blogterest.net/page/26431/,,
1243,http://big-boobs.blogterest.net/page/26060/,,
1244,http://big-boobs.blogterest.net/page/21181/,SODファン大感謝祭 幸せを掴めない素人男性救済バスツアー 超ド級の快楽に耐えてSEXを勝ち取れ！紗倉まな率いる凄テクチアガールズ6名とイキまくる人生最高の温泉旅行,
1245,http://big-boobs.blogterest.net/page/26565/,,
1246,http://big-boobs.blogterest.net/page/26410/,,
1247,http://big-boobs.blogterest.net/page/26409/,,
1248,http://big-boobs.blogterest.net/page/26408/,,
1249,http://big-boobs.blogterest.net/page/26138/,,
1250,http://big-boobs.blogterest.net/page/26406/,,
1251,http://big-boobs.blogterest.net/page/26561/,,
1252,http://big-boobs.blogterest.net/page/26404/,,
1253,http://big-boobs.blogterest.net/page/24097/,ショートヘアーグラマラス美熟女8人,
1254,http://big-boobs.blogterest.net/page/25271/,,
1255,http://big-boobs.blogterest.net/page/25869/,マジックミラー号「早漏に悩む男性の暴発改善のお手伝いしてくれませんか？」街中で声をかけた押しに弱い心優しい社会人1年目のお嬢さんが敏感チ●ポを励まし互いに何度も気持ちよくなる連続射精SEX！！4,
1256,http://big-boobs.blogterest.net/page/24201/,,
1257,http://big-boobs.blogterest.net/page/24910/,「カップル限定」マジックミラー号の中で、自慢の彼女を「寝とって」真正中出し！ 6,
1258,http://big-boobs.blogterest.net/page/24954/,都市伝説的に噂される、35分五千円のピンサロで、時間内に嬢を気持ちよくさせてあげれば高確率で生本番、更には生中出しまでOKとの噂が！！それは本当なのか！？大衆ピンサロ店に潜入取材し、あの手この手で噂の真相を徹底検証！！,
1259,http://big-boobs.blogterest.net/page/24367/,女子校生鬼畜輪姦レ●プ～標的にされた性処理生徒会長～ 橋本ありな,
1260,http://big-boobs.blogterest.net/page/25461/,「あっ！ナマで入っちゃった！」凄テクオイル素股でチ○ポをマ○コに擦りつけてたら思わずフル勃起からの生挿入！本番禁止のはずなのに生中出しSEXまでしちゃった4人のお色気巨乳デリヘル嬢,
1261,http://big-boobs.blogterest.net/page/23400/,高橋しょう子と一泊二日温泉に行きませんか？,
1262,http://big-boobs.blogterest.net/page/22716/,高級SEXYランジェリー×SSS級美女！顔も体エロ美しいPA○C○新入社員はいつでも欲求不満！そのイキっぷりがエロすぎる！数々のオモチャで敏感美BODYを超刺激！卑猥に音を立てながら濃密フェラ！美しすぎる肉体を際立たせる高級ランジェリーと誘惑責めファック！最後は可愛いお顔に特濃ザーメン大放出！！,
1263,http://big-boobs.blogterest.net/page/26257/,にやにやパンチラで全力誘惑してくるうちの妹 初川みなみ,
1264,http://big-boobs.blogterest.net/page/25509/,「カップル限定」マジックミラー号の中で、自慢の彼女を「寝とって」真正中出し！ 12,
1265,http://big-boobs.blogterest.net/page/21177/,SODファン大感謝祭 幸せを掴めない素人男性救済バスツアー 超ド級の快楽に耐えてSEXを勝ち取れ！紗倉まな率いる凄テクチアガールズ6名とイキまくる人生最高の温泉旅行,
1266,http://big-boobs.blogterest.net/page/26397/,,
1267,http://big-boobs.blogterest.net/page/26399/,,
1268,http://big-boobs.blogterest.net/page/26402/,,
1269,http://big-boobs.blogterest.net/page/26602/,,
1270,http://big-boobs.blogterest.net/page/26401/,,
1271,http://big-boobs.blogterest.net/page/26400/,,
1272,http://big-boobs.blogterest.net/page/26398/,,
1273,http://big-boobs.blogterest.net/page/25722/,,
1274,http://big-boobs.blogterest.net/page/24320/,この女、生意気だからレイプしてよ。 女子大生強姦計画 深田えいみ,
1275,http://big-boobs.blogterest.net/page/25003/,マセガキ少年団の母乳ママ狩り 〜出産直後の敏感な身体を子●チ●ポにイタズラされ止まらない噴射母乳〜 敷根まほ,
1276,http://big-boobs.blogterest.net/page/23468/,妊娠検査中に媚薬を注入された黒ギャルはカーテン越しに甘えた声で目先のチ●ポを求めイキまくる 2,
1277,http://big-boobs.blogterest.net/page/26559/,息子の巨乳妻を確実に孕ませたい 篠田あゆみ,
1278,http://big-boobs.blogterest.net/page/19031/,被虐の家庭教師4 仁美まどか,
1279,http://big-boobs.blogterest.net/page/26560/,,
1280,http://big-boobs.blogterest.net/page/23442/,「想像しただけで濡れちゃいます…」小倉由菜のHな妄想を叶える4本番,
1281,http://big-boobs.blogterest.net/page/22717/,夢の一夫多妻時間停止中出しSPECIAL 最強の能力を手に入れた男が8人の嫁と朝から晩までハーレム子作り性活,
1282,http://big-boobs.blogterest.net/page/24393/,「こんなイキ遅れの私でも興奮してくれるの？」と嫁の姉さんがまさかの神対応！自分の下着姿で勃起した義弟チ○ポに同情目線なのをいいことに憧れのアナル丸出しバックを要求！締まりが良すぎて膣壁にドピュん！,
1283,http://big-boobs.blogterest.net/page/26364/,,
1284,http://big-boobs.blogterest.net/page/22765/,女子大生限定 合コン後、お持ち帰り盗撮 そして黙ってAVへ no.7 W爆乳編 みさき/爆乳Jカップ/女子大生/21才 りん/爆乳Jカップ/女子大生/21才,
1285,http://big-boobs.blogterest.net/page/22672/,小倉由菜 AV Debut,
1286,http://big-boobs.blogterest.net/page/25533/,全国大会出場経験を持つFカップの黒帯空手美少女 結梨19歳,
1287,http://big-boobs.blogterest.net/page/23726/,文系女子が風俗で出てきて想像以上のテクでヌカれまくった件。 深田えいみ,
1288,http://big-boobs.blogterest.net/page/22113/,初めての8風俗SPECIAL＋4本番＋ピンサロ＋性感エステ＋おっぱぶ＋メイドイメクラ 桜空もも本指名240分,
1289,http://big-boobs.blogterest.net/page/24183/,マジックミラー号 「実は膣内でイケないんです…」心優しい現役ナースさんがマ○コで射精することの出来ない男性を真正中出しでお悩み解決！！ 2,
1290,http://big-boobs.blogterest.net/page/26105/,彼女のお姉さんは巨乳と中出しOKで僕を誘惑 浜崎真緒,
1291,http://big-boobs.blogterest.net/page/26081/,,
1292,http://big-boobs.blogterest.net/page/26333/,,
1293,http://big-boobs.blogterest.net/page/26334/,,
1294,http://big-boobs.blogterest.net/page/26336/,,
1295,http://big-boobs.blogterest.net/page/26337/,,
1296,http://big-boobs.blogterest.net/page/25838/,,
1297,http://big-boobs.blogterest.net/page/22651/,,
1298,http://big-boobs.blogterest.net/page/23188/,,
1299,http://big-boobs.blogterest.net/page/12805/,本番無しのデリヘルで昔俺をバカにしていた同級生の巨乳ギャルを発見…自宅に呼び出して盗撮映像をネタに本番を強要し性感開発中出し調教 SARA,
1300,http://big-boobs.blogterest.net/page/26338/,,
1301,http://big-boobs.blogterest.net/page/26335/,,
1302,http://big-boobs.blogterest.net/page/26332/,,
1303,http://big-boobs.blogterest.net/page/26331/,,
1304,http://big-boobs.blogterest.net/page/26329/,,
1305,http://big-boobs.blogterest.net/page/17548/,ナンパ連れ込みSEX生配信・そのまま勝手にAV発売。で人生終了 パコキャス！Vol.8,
1306,http://big-boobs.blogterest.net/page/22617/,,
1307,http://big-boobs.blogterest.net/page/25773/,,
1308,http://big-boobs.blogterest.net/page/24648/,マジックミラー号「童貞くんのオナニーのお手伝いしてくれませんか…」 海水浴場で声を掛けた心優しい水着美女が童貞くんを赤面筆おろし！7 8時間スペシャル！！,
1309,http://big-boobs.blogterest.net/page/26567/,,
1310,http://big-boobs.blogterest.net/page/22192/,母の見舞いに行った女子病棟は女だらけで男は僕一人！2 カーテン越しのプリプリ尻に誘われて痴漢したら女たちも性欲もて余していて母が寝てる横でヤラレた！,
1311,http://big-boobs.blogterest.net/page/20521/,S1ファン感謝祭 葵つかさのS級テクニックに我慢できたらガチSEX,
1312,http://big-boobs.blogterest.net/page/24628/,松岡ちなのすべて SUPER BEST COLLECTION 全23作品＋初出し完全未公開 デビュー時の着衣ローションぬるぺちょSEX収録,
1313,http://big-boobs.blogterest.net/page/25331/,,
1314,http://big-boobs.blogterest.net/page/22473/,エッチしてる時もしてない時もず〜っと乳首を責めてくるエスちゃんとの乳首コリコリされっぱなし同棲生活 深田えいみ,
1315,http://big-boobs.blogterest.net/page/24024/,いきなりSEX えっ？ノーカットですか？事前周知なしでハメまくりシリーズ完全復活！！ 桃乃木かな,
1316,http://big-boobs.blogterest.net/page/26562/,,
1317,http://big-boobs.blogterest.net/page/26563/,,
1318,http://big-boobs.blogterest.net/page/24804/,私、実は夫の上司に犯され続けてます… 深田えいみ,
1319,http://big-boobs.blogterest.net/page/26564/,,
1320,http://big-boobs.blogterest.net/page/25495/,結婚式2次会寝取りナンパカップルで参加していた泥酔美女を彼氏の目の前でラブホ持ち帰りしたパーティー記録映像,
1321,http://big-boobs.blogterest.net/page/25886/,レースクイーンdeニャンニャン 辰巳ゆい,
1322,http://big-boobs.blogterest.net/page/25845/,,
1323,http://big-boobs.blogterest.net/page/24562/,,
1324,http://big-boobs.blogterest.net/page/26156/,マジックミラー号 海水浴場で見つけた夏休み中の友達同士の男女が「素股マッサージ」体験 初めて触れ合うチ○ポとマ○コは火が付いて、そのまま生挿入真正中出し！2,
1325,http://big-boobs.blogterest.net/page/23421/,ナチュラルハイ×DANDY合同企画SPECIAL第1弾 運動会痴漢,
1326,http://big-boobs.blogterest.net/page/26299/,,
1327,http://big-boobs.blogterest.net/page/26443/,,
1328,http://big-boobs.blogterest.net/page/26306/,,
1329,http://big-boobs.blogterest.net/page/26305/,,
1330,http://big-boobs.blogterest.net/page/26304/,,
1331,http://big-boobs.blogterest.net/page/26303/,,
1332,http://big-boobs.blogterest.net/page/26302/,,
1333,http://big-boobs.blogterest.net/page/26301/,,
1334,http://big-boobs.blogterest.net/page/26300/,,
1335,http://big-boobs.blogterest.net/page/26180/,,
1336,http://big-boobs.blogterest.net/page/26272/,,
1337,http://big-boobs.blogterest.net/page/26271/,,
1338,http://big-boobs.blogterest.net/page/20688/,国民的アイドルいきなり即ハメドッキリ4本番 いつでも即合体、どこでも即絶頂 三上悠亜,
1339,http://big-boobs.blogterest.net/page/26274/,マジックミラー号 胸元から覗くキレイな鎖骨！‘おとな可愛い’オフショル女子の敏感美乳をこねくり回すオイルたっぷりリンパマッサージ！火照ったカラダで超高感度なおマ○コがビン勃ちチ○ポでイキまくる！10人6本番！in池袋,
1340,http://big-boobs.blogterest.net/page/23354/,犯された巨乳女教師 集団輪姦レ●プ 三上悠亜,
1341,http://big-boobs.blogterest.net/page/22755/,私痴漢バスに乗ります。 夫には言えないふしだらな欲望痴漢強姦魔に無言で生中出しされる人妻 湊莉久,
1342,http://big-boobs.blogterest.net/page/25842/,エアロビクサーのいやらしい誘惑 ティア,
1343,http://big-boobs.blogterest.net/page/14514/,ボクらのオタサーの姫は萌え豚専用性処理ドMペット！ 西宮ゆめ,
1344,http://big-boobs.blogterest.net/page/22174/,新人NO.1STYLE 水トさくらAVデビュー,
1345,http://big-boobs.blogterest.net/page/24292/,,
1346,http://big-boobs.blogterest.net/page/23397/,グラビア女教師の誘惑 高橋しょう子,
1347,http://big-boobs.blogterest.net/page/26228/,,
1348,http://big-boobs.blogterest.net/page/24840/,腰ガク尻ブル痙攣中出しトランス 湊莉久,
1349,http://big-boobs.blogterest.net/page/21878/,軟派即日セックス Aさん（29歳）人妻,
1350,http://big-boobs.blogterest.net/page/23437/,文系女子が風俗で出てきて想像以上のテクでヌカれまくった件。 深田えいみ,
1351,http://big-boobs.blogterest.net/page/26260/,,
1352,http://big-boobs.blogterest.net/page/22320/,女子大生限定 飲み会後、部屋に連れ込み盗撮 そして黙ってAVへ no.15 年上爆乳お姉さん編 香織/Gカップ/21才 さやか/Fカップ/21才,
1353,http://big-boobs.blogterest.net/page/26269/,,
1354,http://big-boobs.blogterest.net/page/26268/,,
1355,http://big-boobs.blogterest.net/page/26262/,,
1356,http://big-boobs.blogterest.net/page/26439/,,
1357,http://big-boobs.blogterest.net/page/26266/,,
1358,http://big-boobs.blogterest.net/page/26270/,,
1359,http://big-boobs.blogterest.net/page/26261/,,
1360,http://big-boobs.blogterest.net/page/26267/,,
1361,http://big-boobs.blogterest.net/page/26265/,,
1362,http://big-boobs.blogterest.net/page/26264/,,
1363,http://big-boobs.blogterest.net/page/26259/,,
1364,http://big-boobs.blogterest.net/page/25971/,日焼けあと×黒GAL大乱交 由愛可奈,
1365,http://big-boobs.blogterest.net/page/13420/,,
1366,http://big-boobs.blogterest.net/page/24184/,,
1367,http://big-boobs.blogterest.net/page/23037/,激イキ92回！痙攣3600回！イキ潮2300cc！国民的アイドル エロス覚醒 はじめての大・痙・攣スペシャル 三上悠亜,
1368,http://big-boobs.blogterest.net/page/26191/,,
1369,http://big-boobs.blogterest.net/page/23587/,ザ・マジックミラー 顔出し！働く美女限定 街頭調査！職場の同僚と日本一エロ～い車の中で2人っきり 理性と性欲どちらが勝つのか！？同じオフィスで働く男女に突然のSEX交渉！！人生初の真正中出しスペシャル！ 6 in池袋,
1370,http://big-boobs.blogterest.net/page/25409/,誘惑◆歯科クリニック 深田えいみ,
1371,http://big-boobs.blogterest.net/page/22323/,女子大生限定 飲み会後、部屋に連れ込み盗撮 そして黙ってAVへ no.15 年上爆乳お姉さん編 香織/Gカップ/21才 さやか/Fカップ/21才,
1372,http://big-boobs.blogterest.net/page/25779/,天然美少女ニューハーフ Debut 泉水らん,
1373,http://big-boobs.blogterest.net/page/24728/,欲求腐満子 みひな（22歳） カラダが敏感すぎて男の人に引かれます。だからいつも自分を抑えてセックスしてます。一度、自分を解放して100回ぐらいイッてみたいんでお願いできますか？,
1374,http://big-boobs.blogterest.net/page/24956/,むっつりスケベ文系女子のねっとり追い打ち中出しソープランド 深田えいみ,
1375,http://big-boobs.blogterest.net/page/25736/,,
1376,http://big-boobs.blogterest.net/page/22874/,深田えいみのベロキス逆ナンパ！路上でベロちゅ〜！えいみの凄テクに耐えたらご褒美に中出しエッチ！,
1377,http://big-boobs.blogterest.net/page/20233/,海の家中出し痴漢 2016,
1378,http://big-boobs.blogterest.net/page/25421/,,
1379,http://big-boobs.blogterest.net/page/24309/,僕を助けてくれる幼なじみがいじめっこに犯されているのを見て勃起した 深田えいみ,
1380,http://big-boobs.blogterest.net/page/25634/,「あっ！ナマで入っちゃった！」凄テクオイル素股でチ○ポをマ○コに擦りつけてたら思わずフル勃起からの生挿入！本番禁止のはずなのに生中出しSEXまでしちゃった4人のお色気巨乳デリヘル嬢,
1381,http://big-boobs.blogterest.net/page/26194/,,
1382,http://big-boobs.blogterest.net/page/26195/,,
1383,http://big-boobs.blogterest.net/page/26197/,,
1384,http://big-boobs.blogterest.net/page/26198/,,
1385,http://big-boobs.blogterest.net/page/26196/,,
1386,http://big-boobs.blogterest.net/page/26441/,,
1387,http://big-boobs.blogterest.net/page/26234/,,
1388,http://big-boobs.blogterest.net/page/26231/,,
1389,http://big-boobs.blogterest.net/page/26233/,,
1390,http://big-boobs.blogterest.net/page/26232/,,
1391,http://big-boobs.blogterest.net/page/26230/,,
1392,http://big-boobs.blogterest.net/page/26229/,,
1393,http://big-boobs.blogterest.net/page/26200/,,
1394,http://big-boobs.blogterest.net/page/26199/,,
1395,http://big-boobs.blogterest.net/page/26193/,,
1396,http://big-boobs.blogterest.net/page/26192/,,
1397,http://big-boobs.blogterest.net/page/23780/,色白美人OLが悪徳施術の餌食に◆座り仕事が多い事務系OLのサクラさん(仮名)23歳、会社の先輩の紹介で初来店！おじさん施術師の登場に明らかに不審がるが熟練のテクニックと軽快なトークで警戒心は徐々に薄れ、気付けばカラダ中オイルまみれで「ここが特に重要ですから…」と乳頭を攻められ喘ぎ声が勝手に漏れてしまう！！：渋谷盗撮オイルマッサージ カルテNo.003,
1398,http://big-boobs.blogterest.net/page/22382/,大きな乳と小さな体 澁谷果歩 byにしくん,
1399,http://big-boobs.blogterest.net/page/26190/,,
